-- phpMyAdmin SQL Dump
-- version 5.1.1
-- https://www.phpmyadmin.net/
--
-- Servidor: 127.0.0.1
-- Tiempo de generación: 14-09-2021 a las 17:43:24
-- Versión del servidor: 10.4.20-MariaDB
-- Versión de PHP: 8.0.9

SET SQL_MODE = "NO_AUTO_VALUE_ON_ZERO";
START TRANSACTION;
SET time_zone = "+00:00";


/*!40101 SET @OLD_CHARACTER_SET_CLIENT=@@CHARACTER_SET_CLIENT */;
/*!40101 SET @OLD_CHARACTER_SET_RESULTS=@@CHARACTER_SET_RESULTS */;
/*!40101 SET @OLD_COLLATION_CONNECTION=@@COLLATION_CONNECTION */;
/*!40101 SET NAMES utf8mb4 */;

--
-- Base de datos: `proyecto_sena`
--

-- --------------------------------------------------------

--
-- Estructura de tabla para la tabla `t_competencia`
--

CREATE TABLE `t_competencia` (
  `id_competencia` int(11) NOT NULL,
  `desc_competencia` varchar(55) DEFAULT NULL,
  `id_prog` int(11) DEFAULT NULL
) ENGINE=InnoDB DEFAULT CHARSET=utf8mb4;

-- --------------------------------------------------------

--
-- Estructura de tabla para la tabla `t_competencias_programa`
--

CREATE TABLE `t_competencias_programa` (
  `com_prog_cod` int(11) NOT NULL,
  `id_competencia` int(11) DEFAULT NULL,
  `id_prog` int(11) DEFAULT NULL
) ENGINE=InnoDB DEFAULT CHARSET=utf8mb4;

-- --------------------------------------------------------

--
-- Estructura de tabla para la tabla `t_configuracion`
--

CREATE TABLE `t_configuracion` (
  `id_config` int(11) NOT NULL,
  `usu_id` int(11) NOT NULL,
  `desc_config` varchar(40) NOT NULL,
  `correo_config` varchar(30) NOT NULL,
  `dir_config` varchar(30) NOT NULL,
  `tel_config` int(15) NOT NULL,
  `vision_config` blob NOT NULL,
  `mision_config` blob NOT NULL,
  `latitud_config` blob NOT NULL,
  `longitud_config` blob NOT NULL
) ENGINE=InnoDB DEFAULT CHARSET=latin1;

-- --------------------------------------------------------

--
-- Estructura de tabla para la tabla `t_estado`
--

CREATE TABLE `t_estado` (
  `id_estado` int(11) NOT NULL,
  `desc_estado` varchar(100) NOT NULL
) ENGINE=InnoDB DEFAULT CHARSET=latin1;

--
-- Volcado de datos para la tabla `t_estado`
--

INSERT INTO `t_estado` (`id_estado`, `desc_estado`) VALUES
(1, 'Activo'),
(2, 'Inactivo');

-- --------------------------------------------------------

--
-- Estructura de tabla para la tabla `t_foro`
--

CREATE TABLE `t_foro` (
  `cod_foro` int(11) NOT NULL,
  `titulo_foro` varchar(100) NOT NULL,
  `desc_foro` varchar(800) NOT NULL,
  `fech_ini_foro` date NOT NULL,
  `fech_fin_foro` date NOT NULL,
  `imag_foro` blob NOT NULL,
  `usu_id` int(11) NOT NULL,
  `cod_tema` int(11) NOT NULL
) ENGINE=InnoDB DEFAULT CHARSET=latin1;

--
-- Volcado de datos para la tabla `t_foro`
--

INSERT INTO `t_foro` (`cod_foro`, `titulo_foro`, `desc_foro`, `fech_ini_foro`, `fech_fin_foro`, `imag_foro`, `usu_id`, `cod_tema`) VALUES
(1, '¿Qué es NMap?', 'Nmap es un programa de código abierto que sirve para efectuar rastreo de puertos escrito originalmen', '2021-09-11', '2021-09-12', '', 5, 2);
INSERT INTO `t_foro` (`cod_foro`, `titulo_foro`, `desc_foro`, `fech_ini_foro`, `fech_fin_foro`, `imag_foro`, `usu_id`, `cod_tema`) VALUES
(3, 'Introduccion Packet Tracer.', 'La versión actual soporta un conjunto de Protocolos de capa de aplicación simulados, al igual que enrutamiento básico con RIP, OSPF y EIGRP. Aunque Packet Tracer provee una simulación de redes funcionales, utiliza solo un pequeño número de características encontradas en el hardware real corriendo una versión actual del Cisco IOS. Packet Tracer no es la solución más adecuada para redes en producció', '2021-09-11', '2021-09-15', 0xffd8ffe20bf84943435f50524f46494c4500010100000be800000000020000006d6e74725247422058595a2007d90003001b00150024001f61637370000000000000000000000000000000000000000100000000000000000000f6d6000100000000d32d0000000029f83ddeaff255ae7842fae4ca83390d00000000000000000000000000000000000000000000000000000000000000106465736300000144000000796258595a000001c00000001462545243000001d40000080c646d6464000009e0000000886758595a00000a680000001467545243000001d40000080c6c756d6900000a7c000000146d65617300000a9000000024626b707400000ab4000000147258595a00000ac80000001472545243000001d40000080c7465636800000adc0000000c7675656400000ae8000000877774707400000b70000000146370727400000b84000000376368616400000bbc0000002c64657363000000000000001f735247422049454336313936362d322d3120626c61636b207363616c65640000000000000000000000000000000000000000000000000000000000000000000000000000000000000000000000000000000000000000000000000000000000000000000000000000000000000000000058595a2000000000000024a000000f840000b6cf63757276000000000000040000000005000a000f00140019001e00230028002d00320037003b00400045004a004f00540059005e00630068006d00720077007c00810086008b00900095009a009f00a400a900ae00b200b700bc00c100c600cb00d000d500db00e000e500eb00f000f600fb01010107010d01130119011f0125012b01320138013e0145014c0152015901600167016e0175017c0183018b0192019a01a101a901b101b901c101c901d101d901e101e901f201fa0203020c0214021d0226022f02380241024b0254025d02670271027a0284028e029802a202ac02b602c102cb02d502e002eb02f50300030b03160321032d03380343034f035a03660372037e038a039603a203ae03ba03c703d303e003ec03f9040604130420042d043b0448045504630471047e048c049a04a804b604c404d304e104f004fe050d051c052b053a05490558056705770586059605a605b505c505d505e505f6060606160627063706480659066a067b068c069d06af06c006d106e306f507070719072b073d074f076107740786079907ac07bf07d207e507f8080b081f08320846085a086e0882089608aa08be08d208e708fb09100925093a094f09640979098f09a409ba09cf09e509fb0a110a270a3d0a540a6a0a810a980aae0ac50adc0af30b0b0b220b390b510b690b800b980bb00bc80be10bf90c120c2a0c430c5c0c750c8e0ca70cc00cd90cf30d0d0d260d400d5a0d740d8e0da90dc30dde0df80e130e2e0e490e640e7f0e9b0eb60ed20eee0f090f250f410f5e0f7a0f960fb30fcf0fec1009102610431061107e109b10b910d710f511131131114f116d118c11aa11c911e81207122612451264128412a312c312e31303132313431363138313a413c513e5140614271449146a148b14ad14ce14f01512153415561578159b15bd15e0160316261649166c168f16b216d616fa171d17411765178917ae17d217f7181b18401865188a18af18d518fa19201945196b199119b719dd1a041a2a1a511a771a9e1ac51aec1b141b3b1b631b8a1bb21bda1c021c2a1c521c7b1ca31ccc1cf51d1e1d471d701d991dc31dec1e161e401e6a1e941ebe1ee91f131f3e1f691f941fbf1fea20152041206c209820c420f0211c2148217521a121ce21fb22272255228222af22dd230a23382366239423c223f0241f244d247c24ab24da250925382568259725c725f726272657268726b726e827182749277a27ab27dc280d283f287128a228d429062938296b299d29d02a022a352a682a9b2acf2b022b362b692b9d2bd12c052c392c6e2ca22cd72d0c2d412d762dab2de12e162e4c2e822eb72eee2f242f5a2f912fc72ffe3035306c30a430db3112314a318231ba31f2322a3263329b32d4330d3346337f33b833f1342b3465349e34d83513354d358735c235fd3637367236ae36e937243760379c37d738143850388c38c839053942397f39bc39f93a363a743ab23aef3b2d3b6b3baa3be83c273c653ca43ce33d223d613da13de03e203e603ea03ee03f213f613fa23fe24023406440a640e74129416a41ac41ee4230427242b542f7433a437d43c044034447448a44ce45124555459a45de4622466746ab46f04735477b47c04805484b489148d7491d496349a949f04a374a7d4ac44b0c4b534b9a4be24c2a4c724cba4d024d4a4d934ddc4e254e6e4eb74f004f494f934fdd5027507150bb51065150519b51e65231527c52c75313535f53aa53f65442548f54db5528557555c2560f565c56a956f75744579257e0582f587d58cb591a596959b85a075a565aa65af55b455b955be55c355c865cd65d275d785dc95e1a5e6c5ebd5f0f5f615fb36005605760aa60fc614f61a261f56249629c62f06343639763eb6440649464e9653d659265e7663d669266e8673d679367e9683f689668ec6943699a69f16a486a9f6af76b4f6ba76bff6c576caf6d086d606db96e126e6b6ec46f1e6f786fd1702b708670e0713a719571f0724b72a67301735d73b87414747074cc7528758575e1763e769b76f8775677b37811786e78cc792a798979e77a467aa57b047b637bc27c217c817ce17d417da17e017e627ec27f237f847fe5804780a8810a816b81cd8230829282f4835783ba841d848084e3854785ab860e867286d7873b879f8804886988ce8933899989fe8a648aca8b308b968bfc8c638cca8d318d988dff8e668ece8f368f9e9006906e90d6913f91a89211927a92e3934d93b69420948a94f4955f95c99634969f970a977597e0984c98b89924999099fc9a689ad59b429baf9c1c9c899cf79d649dd29e409eae9f1d9f8b9ffaa069a0d8a147a1b6a226a296a306a376a3e6a456a4c7a538a5a9a61aa68ba6fda76ea7e0a852a8c4a937a9a9aa1caa8fab02ab75abe9ac5cacd0ad44adb8ae2daea1af16af8bb000b075b0eab160b1d6b24bb2c2b338b3aeb425b49cb513b58ab601b679b6f0b768b7e0b859b8d1b94ab9c2ba3bbab5bb2ebba7bc21bc9bbd15bd8fbe0abe84beffbf7abff5c070c0ecc167c1e3c25fc2dbc358c3d4c451c4cec54bc5c8c646c6c3c741c7bfc83dc8bcc93ac9b9ca38cab7cb36cbb6cc35ccb5cd35cdb5ce36ceb6cf37cfb8d039d0bad13cd1bed23fd2c1d344d3c6d449d4cbd54ed5d1d655d6d8d75cd7e0d864d8e8d96cd9f1da76dafbdb80dc05dc8add10dd96de1cdea2df29dfafe036e0bde144e1cce253e2dbe363e3ebe473e4fce584e60de696e71fe7a9e832e8bce946e9d0ea5beae5eb70ebfbec86ed11ed9cee28eeb4ef40efccf058f0e5f172f1fff28cf319f3a7f434f4c2f550f5def66df6fbf78af819f8a8f938f9c7fa57fae7fb77fc07fc98fd29fdbafe4bfedcff6dffff64657363000000000000002e4945432036313936362d322d312044656661756c742052474220436f6c6f7572205370616365202d20735247420000000000000000000000000000000000000000000000000000000000000000000000000000000000000000000000000000000000000000000000000000000000000000000000000000000000000058595a2000000000000062990000b785000018da58595a20000000000000000000500000000000006d656173000000000000000100000000000000000000000000000000000000000000000258595a20000000000000031600000333000002a458595a200000000000006fa2000038f50000039073696720000000004352542064657363000000000000002d5265666572656e63652056696577696e6720436f6e646974696f6e20696e204945432036313936362d322d31000000000000000000000000000000000000000000000000000000000000000000000000000000000000000000000000000000000000000000000000000000000000000000000000000000000000000058595a20000000000000f6d6000100000000d32d7465787400000000436f7079726967687420496e7465726e6174696f6e616c20436f6c6f7220436f6e736f727469756d2c20323030390000736633320000000000010c44000005dffffff326000007940000fd8ffffffba1fffffda2000003db0000c075ffe000104a46494600010100000100010000ffdb004300090909090a090a0c0c0a0f100e100f15141212141520171917191720311f241f1f241f312c352b282b352c4e3d37373d4e5a4c484c5a6e62626e8a838ab4b4f2ffdb004301090909090a090a0c0c0a0f100e100f15141212141520171917191720311f241f1f241f312c352b282b352c4e3d37373d4e5a4c484c5a6e62626e8a838ab4b4f2ffc2001108044e02da03012200021101031101ffc4001a000101010101010100000000000000000000010203040506ffc40017010101010100000000000000000000000000010203ffda000c03010002100310000001f50b94a250c7c7fb1f247c8f479d71192eb3a319d64582c5102a0fabf43e0fdcc6fa5cdcea88a8291682a52c054ad25402cd497335172d424b10e74e8cd5584a82c09732dd6665173aa6744e79e90f3f0f6f2b3e4f3f66759f1b78b350410b02d8114a90fdd84018c78179f831c4e9cf390d645c6cc1010a94035907d6f93de5fbbae1d79ef5705e8c0db30db9d8db03779aba39eab6cc36e563aeb1a94656c44a9aac72f4a5f1ebd18317384eae54e978daeae5a18d455cd4d662c4ce4b8909cfa71b3c7e7f579b580b16512e4d149282c3f752c66f93d1f01a71e34bc77c8243a72b0ab924b0a02517344a160fa5eef85f671becca5e8e74da0b6201405c68e896a2a24b65816a545835703a4c96e6c4ce3a4ae1cfd388f3bbcae3bb85d5e184f54f1e2bd99f1653db9f14b3d7c3872b3a725d66a548b08b0d10b42e6e4fddf1edf2cf379b8f21dbcfdeb1cae225d0c5ce8d73df33501722c050580b07b3c697ef5f27a31bd5c535714deb9ea37216ac228bae72bbb96a37225b216a4b34c0dcca2dcc5dcc8d4cc2c99adde7b4d14ce7a64e53a62b375a3cbcfd3e5b338f0358b16cb2c4594cd68894024a3f77e2f6fc43e6f0b92eb3a332e4a94c9937968c14935001734a02c250e9f53e2fba6bdcd33ac5662eb8e6bd5bf2ee5f46b86ce8c6e2e752b0dc8a89ad3344e9ab393bd3cb9f6665f25ed8acd9cced3cdcd3d79e1d17a5c693a3194e98ce6dd4c0ea982f8bd1f3acf3537ce50b66919d6454160b9a160fdc7c5fb5f954e10575e5b32b92c94ce6e4bbe7b3337925020582c516500845fafdfe37d5c6fa73d780e7e7ccd67af4e5a5f576f9d88fb7d3e0ea5fd0df8bea3df38ea3a5cd9545d6b9d8ebae3a3ab9d378c9749a3972f4abe7f97ece0f8bafaf8af99af7653caf5f44f15f68f1cf645f1e7db83c1e2fb5cb59f8fab3589bc12902c00968943f5bf9dfb1f0cc50583a66646419d4160b9d416524d64d6350026a0d4512c277e25f7fcfdf296f4e7ed37d3a74ceb867d63c6f5e8f23dd0f067e860f26fd0978eb765c6e4aebbf3a5f4cf3d8eb78ed3b6f8e97b5e56ba5e563a33473de2c67cf9af4ef87a249343334394d8f9df33f41f2378f358d67514ca880144b4f7f0edcab8884b4b8ebcc99d40b0ca53528cae4a0d63508b0145cd3525259467517b7d0f3fb31bd69b965b6337542dae77708d0cdd58c6b4339e94e6e8318ec5f33d28f2e7d793cfade4d5e45e9e4efe0b9f279fae3a61fa1fcefe8f3aeb34cdccd4333439f0f444fcff3fa9f3ba622e6c9a80b93409a83dbc7bf9c98de4582c9b319d42c4160b734b2c250442a51722a5141289acfadaf57a73d79ed6ea0b496d2284d0ce855b658d133688d1736c25a49350cb64e59f44af3cf4c3c93d90f27a3432d0c4dc339e90e79ed0e1f17ef7ced67e666cde2c945cd282dc53d9c7a73266e42c1bc0019b010a94d468cd099d42017356c12b317a31d4bf4b8fb71ad6da9a6946aa0a2354cb623458da4c5d5317458d40094229004a22ca4b092c19d424b08090b2797d5e7b3e0e373788b002a8cd64f4cd73a964802542a532b04a259a33bc8d252024d6562921059d575ec9db3adf7e7db375a695a962d515605a2d255020b015404a004a2000019ab24a8cca332c24b292c49e5f57cfd3e40de12922c2eb1a12c3d18e9ccccb4c8258159359a1023504d41acd2cb935916049289edf2fba6ba76cf5ceb7db1d726a52d16d9a8a05514aa21650005148b00010010b0566924d6480ccd66a0892cb33f1beb7c0d4e7373798109a3342ca3d3cbae0ce7591012c12c16523592e54250940228808b17afbfc9efceb7d73bcde9d31b8b652955a9a0585514a0859405016000512910040152c444202675924b2904f3fe7bedfc5de744d4884a948b0bac8f5650e76e48d648a1102c2cd433425524b4950022c1157ddece3e9c6b5b5977bc6a2d51655d59455852a88014500b0000584b2c0160004124b0842675912e492caf99f33e87cfe98ab2e62c33a90ab050eeb92e28b8ba39a524d0cd42820053350d322c42b22f6e1ed97dbdf1d73bd59637ace8b658555b42d96292b49655828a59610102c0b2810b000048092e44424a26350c92cf91e1f7f83a66d9bb319d6509402a53d38e9c8b35917219d43341288a32d64289288d424d42027d1f9df5e6bd3d31d31a6b3a35ace8b66a56b34d14596165a54968165004a2542c1410b16cb101004099b04b099b099d6499d4af9bf33eb7c9e98d24b91000500f6f0faff20b9b4c5833a90a8290a94809643510b9a2350c82fd8f95f673bebacdcdba9a2eb3a2d965b668a963494596ac26944582a16cb00010005a8404024b092c19d4332c2675824b93cdf17eefc3e99435904202c2d83f6bf9afd47cf4fcde985de3a60b8d530b0000024d8c3a0cea7638e3eefc23303d3f5fc1f433bd6a5cdb668bacd35acd8d6b3a55962a51548a69280042800045948000112c24b0804b0ccd4319e99319df3ac7c8fafe2d4f9a9778b2932b4805917f738d18f83f33f61f017e6dcd5b2c0b093639dd8c5948d60b1f54f07dbebed4cfc0fd27c93f33557eafb3975c74d88ba9a1a94d596356595a94505165140021400010a100001202408b04412e46359273e98ac79bd3c4f8f9f5797ae104d44400d0fdad95973dd3e37cefd5735fc85fa7e73c99f5715e7aba39e9edaf06bd9fa093f27eefbdd4f17af4a5892a53f2de4fd77e79af5f4c6f1bd5965ba94b54ba9a95658b65281650a58b14094000042a0a948021100440202675099d4ac63793963ae4f17cefb1f3778e0352ae49ac9160fdb840402e3419d53cbaf417cfde9258aa8559512a00bf27eafc69a6e6b1b6a695552ea5975acd5a0b66a165160a0a8115a942288b04a200b11296020481408444b924b94928c4b2b9f8bdbe7af978f6f8f7885b135134c68fdaac4040000000000a588a0553cff33d5e7ceeea5cead5a6a6a5b658b56502eb3a16500b6510559440022c014100928815048b152e4024a4ccd64cac26372b8f2f470af3f93dbc6e7c0e9cf78a0cb44fdb0400004000000000551c7a7c99a9a9aceed58594ba9a55963565940b652dcd281652cb0a850040b0000012c22c2022c5019d426744cac4ce779339d2de7cbbf24f372f470af379fd5c359c25d662d4fda8400100000000580515e65f3706f1b555aa8552d9656a52d96502d94a500594b0095482c00000010092c5852022c128ca8935133350c4dc31cfae2b870f571b3c9c3d7c6bc2edc378deb9e8fdb064000000100594805527caf57966e6973a594a06a58b496d834965a946b34bacd165160a401410005000044a24b14011129604022c24d649350c67a62ce7cbbe2bcfc3dbc8f9fe5fa5e5d67cbac6f53f6c1900000000100595535e43cab71b969652052d956d96145b658000b734d5cd280000014214100019d4229625405804a48152c48a332ab3351319e9939e3b62bcfe6f7723e4f1fa5f3f79fdb0b80000400140016527cef479b3ab626aa0a06a59696145b736294805cd2a53573a16500050010000020b2e56cb2259a20a8b1008b1529228ccd432b2a4d131350c63acaf3f0f773b3eb0df30004a400000169c4f2431d2880a08d595688b6559a200b9b0890e971a3573a294001400000410a45b1010a201216a2c502048a24d424aa92c467508d4accdc4f70e9cc00010000015678fbf966a0ce820296596d94a55b73628965066e4cccf34f56b1babacd8ba85a00500100044b165162c44a258290288b04a251210b289012ab2b2c2c1293d897a730000000010716b3e7f479b3ab65cd4a20a555b658a5956582964d45ce7783979fd1e5af7f4e5d59bace8b65508050000410a82cb0414110160b2c00001200092892ca2c40a854f50e9cd60a0025000079bd3e69acf2e98ce82004a1556941656a580505ccd64e5e7efc6bd5d31d196a52d95425580b000122880b9b000000942002c04b000066ac8041042add3d037c802825000009c3789acf1ebcf3a522000ba9459573b25d0941016637839b5baba9a1561655040500000122893432b0000942288a22892c0b04b2c2002194bad6f4cea5ad8d725940094a82a512e57889a9c7d1c336521284a282d965b655a2000267433a51a94aa59655042c5000950a004801493512149454a12961532b08112e692ca27431bd5a86acccdab42f258005828160bcfa705833a9cfa617297240594b655594b525b6516584a22ca28558a8551412c140004282582a1004116505b482258044b084a4a333a5a9a6745526f31358d68d25d7105000a9414c72d666845a25e59b2021653495682a55a96142ca8965a08b62ad869658000000405944b1002512c1a90a4a0510a9524b0454c753425a4435192ead2e644e9635ca905950140b660e1be7d26d2949639f3f4728ca58a94b73a2dcd5a95688582cb0a94a434059548342000520582b34b044aa8962812c50a10b010469749ace2cdc50ce4ab49bb0bcf50b350d8d7102a0b02a52f9fbf925bd31b9a59571a8a73eb98e2cea2d961655a06b362a55a0a8160a0b734a16594a4349612c50a250886b264096168ab0842840d5acea2ae759b25b0b2e42d16c22684b086c0d71a0000594c797af2cef7d31b5019dca33a8e7cfb708d258a06b35688596da94123483502a0b60a835734a8811748a5916924d64a544b2c016c84a5acecb646ab3aa39d69262c15a274992e01a64b66c39733d25d708550004d718e30cefaeb3ab5cf61a5ac2e635cfa0f3dcd8d4965b60a0a88a140b7353485b2c2d85a95094582916a5802c82a2aa0a42c11aad0ccae933177ae5b173081052759919510290de37e78ba24ec3a720160a94be4efe7ce909ad75e5d688371ab30a592a3973f4e638dcd96dcd2a0b60a554b22dcd4b735682dc8a9405b04a82a0a85a82b34a82e934a04b2a690a90d481290b55595846752896511889492c0ee3a720052594e1cecc6e2c96f5e7d2d94ad6b1e7b9f54c688b996cb4e38f4625e77582962516a5084b734b7362dcd2a552175001173548b2a25a545ad095573aacea4084de505522e9717a42180653468cce9916e0999acc804a3b8e9c8005b9d72938a5cf44a874e7ab742aef9eacc6dd19e6b173625d650d70e9a9786ba58e445a004b73a2a22a5502a2a9058160a6eb369566accca22d195333549689603549bc52e59511294b6c19d60bcb78cb508112c5aee3a720160be7f47925833ba896dcdae965a5cd4eacf4d679cd62563a497290d46973604d4522313d198e57ad4e36c59756b02175aae6dd33ab92a50aacb5499d404359834525a2e37b38ef5ccde1a328052e435943535065980c8096105aee3a72000be3f5f8f3aa33a0017ab3aab25ad74e5ab9df9bd5e6b3a66a5cdd4979dd656564e9314ade46a4349a21491936c68b642d166770954cb42a0242cba33419dec590de6415495cc33a114581ac6866f385330144402c0f40ebcc10173e5f479f3a5973485d4075e5aad54ab73ab3af9bb6ee7c7e8f37a533ab2699da6b11b39b795cae4d6b9d4e8e7a378b496436cd1314de734d6b05d650b412d2342370943726ac8dc26495664bcfae44a16033a1598c5222c92c522514252bb93a72a005e3c7a73c6825028540ed25d55653a6f96ae378dcb33602e66abcde89a589be7a40b6ce6d132d44b26ccdd0cdd08d53245b441a337715730b99e1b3e85f91f553a7473b9b86a59306f51a8b8066d2c94a9ce351724401000a59602bb2ce9cc500f362e71aa25051480bd78dae8b2a6b351db975d63cbdbc7d8eff3fe8f98cfa7e7779af4cc5cf4deb869adb8f3b3d578f68666ee4e984cde94e37acb6677631343322cd6f14b1836e3e96667b6ae731c8b26e6acbcdacc6a55b06354599355888322c10412a880a59410f423a735829893cc33d2c2014520128e97975a952b771ab8e5f3feb71b3aeb9e8c67b4970d59be6eab386bafca8f5bbfc96beaea6accec4d3251e54f531a2b97a0cb4b9cd58f27abc6b3a73c773dd99c83186bd1ac49ab8962a16cb4950a64d625cac48001028000003b8e9cc063a708e34cec25950a02c0074e795ecceb46b2675acf1d63d18d703bb8f65637e43c9f467cc4fb5cf3d97973f4b3a94d66b2356533f1fed79d33787a97a6e1090d583971f5e8f9ff0041cc46978f6e69ad666969886e55b9b92db91996058960040002c042800ecb3a735835e6f4792594ce8258a000942c675173db8caef58b35e1f773b8edcb8fb2cf2de5e43ecf3e838fcbfb54c7485b3c3c8fa773a386be67d231eaf1fb12c0a82c788c72fa7c0f9bf6be47d82a79cef9f91a5faf66a6b3cf497354ce82dcd31d0598202010000212a804a042a53b0e9cc1279bbf0cea533a050014b24054b298d075f3daedac2e5d736e2e36a017cddcd5cd3e4faefa17e6fd4f17b4e3f37ec13e37da943cd4f4ce1dc6363cbd7a533689f1becf917bf0f625b8666882e9a2e3714c8d7124b658002028940008b05808160f40e9cc0e5cb78c6825595404a205084b2a0263ae0cf4e2af56b86b58ec73b3a3c5eb4f2f7dfcf3afbbe3fd43a72ea5c7484b734b14f3f47ca3d3bf17bcf5a50e593bce5d0b49a66f26b5acc8a9a2ef96cb3356f3d7392886b3a0010a9440200000004a3d04e9ce998e12b3b4a8945b2c0a21005084aa928c72ed939f5e18af74e1ecd73f07a73e4afa5cb5d4f9feed12a0a43972f17b87af864f4c0c6c2e68f2fa797cf2fab8f75f64729bd31a91955d506b9ecbce662d88a8a588a82d90d4010a85a84a020b0160f458df2b8d735e565cec2016a0b2c008b0b2c59422c5ccd64c70f4e13c9f4bc3cf53ebb975d62a05cd39f2f4f88ede8f3449e5faa3c3ee5520a9f38fa37cf93d40b199b1631a651ae7d09974566f18b485800582c0a82a5202c0a82a0b20a010f50df272ebe79a859a08595528804a0005804b099d4598e99931c7be6bcfedf25d4fa3cf1d758f9deae9e33e97979fb8f93d3e854b60acd285f9cf679cef9f3fd0292598c1ae9acc92e27456a535c9c235562d82a50010a0a804160b02a554a102a1160f48e9cef9fb70cda33a0559602a288b02e56822c22959a899d6526752de7c3d388f37d6f99e9de3bf0f4db9f3fa62abe7714fb0e3d8f274f9df409e9f9ff400501c3a719bdef9a4b71d15ab4679f08bd08a52a06a50940201502893509655582c105201653d037cf3c7a729ab63368558290582c04b0a850801026759a9359592c39f1efcecebaf175b9f7ebcfc6e7aebae0f07d6f27a6b3e0fa50f27b60cf2e5e83ade69a4c623b739a2f4ced5c3398bb5859414868582c09688001412e4b60b20a8160a82dc53d4977cb972de33bb65941560a949a8008b0b2c500224d4592cb19d65667439e3af34e7cfbe0e766759f776f377b9dde3badb9fcf3ea5f28ede5f66a5e79d739ad6334ebbc7549cf7e69675962d94594b652a0b014002000014408b002144d4203d637cfcf94ceb449ab734a0582a0b148b005b0001212c24d64ccab7328e73513972ed8af37a31cacf7e7c3e8b9f5f9f3e9b38f5e993b39b3a97116dc763a5c798eb26a2eb3a8d20bacd281a82905ce802542a525428014092c4000253d2b37cfca8cef4896d9402a0a002c096550088b00419b954aacca319de5338e9938f3ed8ae1cfd1cce559d67d9dbe5c4faaf9b95fa17e5fae3ddacf15d74cf5869635668145949416c2c5594401294100116a0b00cd433a0b0894f5e75cf7cfce33ba25a82a51734b2c2d948149402e6c2c88b9b148424b6e4466c8ccd66b9e3a0e1379ae39e99ae78eb9679cd4b3335a5f47ab1db36f59a8569695154940a00000b0002c06568042e448a22c352003d7cfa73df3e033b0940b60542d85d482825812e62a428a4092952c24b08124b0c4d64c73eb8ae78ebccc6778b313594cfab8fb97a6e748ba9a8b42d94d442ca1650059420a096202a582c5266965111492c0948a3d7cbaf1df3e433d02000349556020a8042a524a80216a442c0928c8892ca66939e3a64c73e98b79e778b39cd653d1ebe7e896ee6a2d0a5145a950a250000016525220a95002106b3a3282c0000f572ebc758e6973b004282a0d4145892caa84b050202594901012c24d45c844b0ce379318ebcce79df3b39d9d6bd7df8f5cb7acf4594144a0a94a000200b0a094042882c4129082a000010f572edc358e689aa25b00500594b125b0b00960b009552c24b02c0656e444b010cc6498de6b9e37ceb9f7e1e993bf5e7d25e9ace8b652912d0a52500014240a125b0a965466c5412c42800250010f5f0efc358e449ab625a0582a5021604b2ac42a0a152c2400006759884a104b924b0ce759b71cbaf3b387abcde94f4f4e7d337a5cd377352d82a53540202845a010b0111150b0581004b05809494160f5f0efe7de39c5ce89a94940042a516020000b0566c004a08844a4b095092c24b0c4d66b1cf7ceb9fa3cdea93bf5e7b97a5952eb3a282a5369410a940015000411020001002000b144b0f670edc778e3633aa255800a410290a94442816524d654828210804b092c19b092c339d66b3cba734e3eaf27aebd3bc6b37a5ced2dce8a9a00d5cd2dcd0525040b10b90b020000210d482c428043520f6f0efc378e233aa2525000240a8290000a801502c90d3200806424b091918d62b3cfa72ae5ecf17b53b74e7d635acd9757353573a2a0d20d251734d4829210a02580093590020a42a0b10a82cb13fffc4002710000103020700020301010000000000000100021103121020213031405013600422413223ffda0008010100010502cc4488349ef8723cef52748f42142b53b9eac8558eb714edf61823bd3d57856a3cf48980fa88ba54f4693b4ee428c254f508e95e02754844e41bf4cc107bf0a16b84a952a54ee14ee8b9f0f73ff62e9ead277890a319c254a95384e12a54a3d0e4553a9c0f51a7507c6850ad56ab4a82ad72b5cad72b4afd97edd1710be42d351d7e26328e853779718c2230908c1077eb48454e5188e86a131d237a54f7dfa0e8bde13e2709ebb4c119254a9e842850a30952a7a354e9d1adce211ebd3767953d3856ab54146e0be45f2057052a54a952a729553531d0261547923b8c74e47bd5c55c57c850aa8540ae0a7a708b0234823495a5415aafd97eca0a872d549c602308ef9e2a68edb1d161820ce151f8c2b55aa309720f7a1555e14edca9cd0ad56ab54464850a142b55a9cc94441dda86138c9eeb1d09cfc40402856ab55aad56ab5461fb2b9caf2af57abc2953d08d9a8c9deaaf947bff00cc18dcb0a142850ad56ab55aad562b15aa0ad56ab552a719ceea81a85669570d82aa375dc28f82c08746142850a15aad5184a9cafa968a953e43853d599dcd94e169dc3e0b421da856a8c8f612ad2a1426086ec5564ee9f006a9a10ef42856ab02f8c2f8dbb453c43bcb6350f0a376b0d368f80dd481e854123c902535b087a0fe3c8684021e8d4ff3e380820821e857ff003e3843d3ae7f6f1826e03d17180f32ff0019a87a6fff003e3b10f4eb3a1be3b381e9d7e3c609bea563e3b391ea56e7c6a7c0f52b748f559c7a95b8db3db671ea55ff003b6f11dafeb7d5a8246dfe43753d96723d528f3b4e6dc2a32d3d8a7c8f54aa835dbacc91d229ac7397c0d348e98d2e07acf1a6d9122a50b51107a162fc66daad81f914dadc5834f58a3b844aaec21fbdfdf8669329ff00cc0c3f22917220823523d8a8375c2555a3a7c4edb0d2537f1cc0a4101197f25b0fa7fe87b0f1bf684efc7d4d121eea4f04821422c324109bf8e5c19f8ee2e0c0058361ec0e14d96fb253874214045a0af89b26982e34c1dd7ffbf60a704731d7b7fdf64a70f02a1fd7da28a70efd53afb47028f75eeb47bc7b84c0264fb651c4e48ebd4749f7ca3daa8e8fa0147023b1c23a9fa04221108f5ea1fa1908844758981f442884e11d5a87e8c427355bd3263e9042b7a6f3f48851f6e79fae3bac3e8a57f7a8503f443d72bfa3e86eeb9450fa23b8ea9c07d0c2775ffbe9051be78478db1b4501e9421d0381e3e8e3a878fa34748e43cfd5ce43cfd080ecbbe831d63c653f499dd766773ee42e3607439395dc7d027627709d067223db3d97a19dff00556e73a81f52760dd877d1e76cf29bb07503d41b539ced9e3018bb89ca47a53d22771d88fae0da23cbd7c33c6239f478f19d90739273b87870a334ad3a508f5c30de0ce780a3db2778f1b4dff5b0447723a31b3c749d98656b636b4c0f95767194efbb9ca3a50308e8c2d3a5c778f3d58c938698c282a1463184051974dd390eee9dfe309d76236654f8f3de184fee3c98e893d23c6f540a9be76e76e7ba7b2ee3606518369daedd9c92a54f778cc3aaeef73d695cf4e7a8ee7aaca81e33943242851b5194980dab72aa5e4d36c354e33e03b9df6e0e9bb0aae87d26868ddd728c8534e685f1b5478c79da19df22a9d30a8cbc1a9f1abef6b74184e1aa0703ce10a146e1283b5e91f26a0247c9fa038168203434630a10d410421ae31bdcb95430da356fc27293e09e3707399d4da5011b2f79a753914dee0fcf51da37841d272d57589956f17b0aa2db5b8807c4771bb3b1390984daeeb9af0702d0e4d90adffa663c53799b9ad21f7a02333981c052b536809c4f289d9fe9ecbb7c656be4ab7f7d41c00ffa16a7b492c75cdcd23216025d443931960dee764f69dceff38f2a9f29f36b6a07359503b07041e9ccaa4b440cafe0300571073d6b8a607407bda7a11e8382f9307b6d14f5a998d5922b1bf0fc8bee0ed1ee1766a8e20aa86d0c7fc87073e13fe42fbfe37ed423db3c7441c9689c204e614bfea442a152707b6e17d40ff8cbdf99c255c428950316d271a96af845fb53dc774c18c0672f85ce3a87aa6c00e573e09b93646c83fb6c9c385cf71dd40762984744cac1c702d94d1199da10e04563fad17970d93b47ba7aa0e471854ea12819509d57575ad2d32361c24369ba99f9087526dadc1ce841caf6e79f68a05040a7b6e6d328e88194ea6d72751b9010325436b29bcbda1e41c6d19186ec2a5369348ee13de3d72a614e0f64a69a84b1b68cee7fed4f40ff00f34c98cd6c27beab4db78a74ecc466d703df776085309a41cee98171009053e907270a8052b9c37f8ca7c0776484d3690ecff206bde74a552f19d8f79a859283e0e739214a9f00f6884d30860e75a9c6a5c2a6152907a738b5511fb66acf82d217c8d56c9c9384e573bdd210726be51129aaab42a2ec0805719dcc0e1f12651b5d8ccec38c21ef42fea2253a9dca9b2ccced5f09affdb33b54385ae57181f40298f9cb55e5aae784d74e15038540e41e0d5ca712a50c4bbc43df29af5799c2a896e8543db5539b70149e0b294157045e86b84e13801897f8aef05ae44a6d4c21419cb10e919a312ef19ddf381528b1326339121b4ad384e31838c28f18f3e10716a6bc1c2702615e4be0abf127108604ae4f8c7c51530b94caf8e0cbc21ae59d461c299fa7090af1b720299fa8ea15e421515d2a54a2e84d75cbfa4c2e7ead715739492a9bc347c8b9fadd3180f24f1e781240f2ddc79ed1e63bcf0a10f2dde7b421e63bcf08798ef39a879aef39980f31de73301e63bce6a1e6bbcd29bc79aef34a6e03cc779a537ce779cdf39de614537ce779cde079aef34a1e73bce6f9bfffc40020110001030305010000000000000000000001114050003031021020416021ffda0008010301013f01b830e91a08f0e4c712d8372e01dbeedf69591115f38971d303b69e25b0705b0f0c70d03a2d061d18e31c5987659876598765888f0f4dafb5f7969cc7698d0200deea3446f71c3cd811a331da63879b198e1e6c470c4688e124627be26244769e46234d9566b4ac46399dd761445d5a56631ccf019d96dad2ee8f4528a5340d1269765a5a5a5a5a56c3364f3eae064331c2d18416cde1e085d303a6f11002f90fc61810f8618911e949ed86638663865bf6dc65bf6dc65bf6dc663bb8eee3bfffc4002111000103040203010000000000000000000111405000303141202102107060ffda0008010201013f01b872e95a1c3b18685ca35d380dc86e32e08f482baa41494973ae2ae13d2d2d2d2b205c161e39f47883d36d380d897023865a175e2d0ba0d0ba188ef1c332ec6199761997623f4c4bd0c4be0c0be11e26cc10b7a8e3f9b3f9c31c6112d18348c4f82a5fdbd4a4b4bc751c7f0e91897cf33792938252325b0614d931c731db9a4a490dbe388e3f161026f03006f87e582c7ac875f523f38d476a3bffc4002a100002010205030305010100000000000001110010600220213031124070506180224151719081a0ffda0008010100063f02d87f047f76d01dbaf0573db180f70bc18fb2d6696debde2b00db87d016d71e86bc72ed17516e0b6f8f219b70db87c70adc27f9542c1d7ba1613b755b8fb42446ec7518ecb09fccc5862c82c57d8a35622b20010fb6d7151ed99d92669008671455d768c366b80c1f0817c6d5e375e375e375ff00374330fe40bf1fbf1d3b57aaddc5f33d5b8317e21b71f97b4e207eaaa82a1f0a2eff008f59c263a8d26999d459ff00ed5459f4ec9509b1fda9d2760a828b30c5422c4e3229d5edb1d2bf714d33a33e98ce45eb2b63a84076dd158c4509145f7c84c1996d2c3359ed60b15270c073ac3111510398067029d500e9c83d79ed131a9d35d44ead8594ba7558e698f32a23b274b1483188b6862a3135b2c855e99a7da03b244d788bed9b9b1de459498e23b068dce9fc58c709d9c63145b3a44a0766691b9ad1cd3ed3eab5fa61d9c4288d9a310e20747128712ce3f13aa731d96a8a7308da46271ee2b0f5ce0516c0b25661506d45165fdd5b8ebc6d2b235a8399da48d35d8220d6d8f69cc56bbca0db3a7c1c7fdc31e9c3d387f09fffc40026100002010402020301010101010000000000011110213141205130405061718191a1b160ffda0008010100013f21aee9b12e4d4a31586c54c7228d9ba68bf19e312b62c7ad0411c67caf83546832e12246159a5b8aa37595ca0b912487a06bdb23b7e9fa34276b8d924d26f49a2245e7b0cb4c4fda8ae42749a4934649248d8b9b1b3d892058e4d9ff0082af432fca618abb58b17af6583891cb1aec6f92e095112acbb92264d269249249349e12492493ce061b90d3cc89c4849349269031c8ab346c918d0e2fd199e4df26fae1d1d93c5e431d24ee90b03636cd9b0ee2549a2a49f86e924d3f0684924d26bb24924924926925c4d89924924f28a5f521304bea981023dd124a9249a48d8d92263630cb84d375df3916e303f2c4968b486ac3a4d8d1724792e6f921e6bf8cb29b2224927cd0452fce49156081a1997e8d325ac90256d90b10ec818126d24aec6a32fa8bdbe10a97a2468bf195059d0c7e791b1d887761cec9bf16c6e92237491716252688249a26493e04c5e4924926935b52286baa1f41f61f70f433ec0fb06920c5c5d21b6e93c1e6aa8b668bd2034d9064ed24f4660c644bf85cb0e88dd4f222e6f82563ff006bbab653638c922759e285e09e1249249248d927e924d606a882151fec3c99b124b60449a8a6e924576f9c476b0d7cc9f427123689bb3791093753131d6f4d08fed26a9e063564924d249249e72109a4f0924927c3355c1ba2a32e04b2fdd678ad9ba75d565754c5c04469caae14b099f845cdd238c8f3455822bbeb0d359e0244c9e3040a49e17244c9f64cb92d91121346c9aaac8d924886c9c90aae17a6951902cf182d44bf481d7ec332ff00a5eaa65c937a3111737c67ae1baef6454822f91922093791313b898b9cd13a2a40d52d696ac31b41259426bc9f690ec8774c085125891b1ad619fd2486a8b96e9d1ba7f68846cc4914dd24d93d1fa3a4dcee28d5e97153559a6cef84c34257ee8c7f6365c1f65c4ac33b908dc8cee05dc2e84934927848992492493581863439a19a704783ec3f52c48476a3f51091d8ba86decb12650ba2964a6e8dd37e38fb1658569326ba3a3b811d0e97321e796eb1cff185a0d9a9922d44f144bf09742916a6c5372336133625d12493c24924932202758206b44764744f4917d90b44102243a2243a20210731abbe4e385c72bb8eb99a7549c1182c7e13c131e689115d566934df09b1a10b191cb979a4cc4d3f61a1f83f023a0dc86894d8bb0ec427e8fbd046048d934449249358229087d044104103548224acd2c6ab348238a301e9fce0df257891d64d56d4820df36e8b99244be8488211012556ae8854810a253c2323ec2099344922a48c6b0d1ba3043427611bac5106a8302ac0c95fd268956dd0fdd1b2494310d1a3748755462a7e1aaae33cbb041212208208208208208208208e020408747d4997a89924d3ee98e5b2885042136b0e066cbcc73814b0c6b26968a7e8f068fde10c899ade691c1d1b3a10a8e8b9b559e5690a24244104102a470488e1148ac104223d1027a2fb246cc4b91ab47e09458887d73792065c8b5c8b122445dd1555137b1efc35924d9b364f04c59a3468d5764102a22e246ea8d924740944ab047922b045208208208444890e8fa0fa45d022b041040d10213d3b1b7ae288a6e9a18f16e08d0d535c552f4d8a89d2f54b9395d8a2548204bcf0411ca08208208a208239c0d0d197ba7666922ae891bac1ba4d768759b9be1b1e796ebbe68d1490854548e30411c229041158ac7ab2639e4ffed5bb8f3c75f7c1eb926223c1f84d658fa720910411c208a41148208208f4e3c6cd41981b99eeb1f62641044e6925e46eea479e4b8457f292a05c77cfb488412aa5e18f7f7c5d293a117a6cb1713ac31b5e57455d1af1c94250be3dacee4d70824dd208640e9fbc9126fcf14d8a2084242aa1715ee4f892d1346abbb532df0918cd8f94f855172dd16e258484b89088a2f838e3be0999f32355dd18d11cb4eab8ee902e7ba20a242178d7c2bb940f24774ea8b19a4e4b7074dd5888af43aaf05a96aa6041085f212519a6a8c8a4e4ff00de1a1bb7dd775fd3468ea9d0ebbe688bf05b0412a2f809f1ef848d670b906c8e106cec6b02c90775fd3458842a2278c5eb3c1258a2421210be2b7c18ab2dd10fe8545b2f2254820dd1d5aaef8cf181526b3d13450b612ac7c82a8f74d1355f94926af5559fe51e2b3ce7c684d84b510bc0be23b1dcab5525b1e597e6d5af4dd5644bd239be5b238ad82d51085f21fef44688ef8c57eb483649b26fc6384737455404b92e0bc0be096ee1ba2ad844a1b8a18a8d5e8cdf1913ed53ae102e3344bfd04151705f1d23c7f4d52f594362944d6466a88822b36a325935d114dd12545aae5047c5ad99632e3f9c7f829a98a8581ec4ec346c445649bf282fd10422c3be17050a2aae53c63db9e6f356a8c9df18a41aae85f79199a586ae3c888d8d1fb583643ac9fb42d425212a4838164d3aaf010aaab1f14c62a50ae2c71d17a6c9faa29cc3a60f7a7675ea479a74410432fb20c55e07a1b4644193bb912b742f2b2d934889550b8af8b6316cc486f96e91c1390e88a5455b249b513c889431497d8e36490e12992b794e45c4a28b5e29d983132862c3fa2c21705c10aabd39f560635e011247086599dc90deb0b932a9fa41b26968b962fda3f0ec647e4fbc1024ae1290b0249609ab5e8ac2cf7105c967da9e53e5631d24d48f3454b7548b52796c2c8f4fa48b05d0a24a5490b2c84cde2e233286585ab8caf0cd6a8445161bda710c8e6a66a6c4896442aaf667d863205b11b375749f125998b971d8c9214e86c7310e5a2e2496085e38ca3022288545f21171aa84bd629b19328447b2dc27f84cb3fbf939e0e8c4c9d03b526bfa5bd989feec409705c1557ab1eca096e65fd99510544b82a2f8c7c18d56a2df1c27a27d85d8c97de45f271c98d0c74c567d8439bc0c7b6217817c7ba40820d0d084d20875ebd8960485c1517c74708ab1a1a1041a245847f3d6870cb111f3514781a1041aac89f55b48dbc0ed8d897817c9ba31a18c64a0a223d5d67e82f906882287d14e33eaa18d8eec8f2af9282081a12beb77ea687a5ae2be2e081a1a2e13264fd34236c6db99f32e53f2304508f5e9dee9ff00c245607e98dc26372dfaa9fc8c1148f4ac42f5649a48be37758f49b8c8d3eabe05f1bbf55c797aaccbe2ff00e0da11df8d728238a6df65bf8b6b8f0c5e9c0cc095bf685ffc165d15ea3a1fff0007ee8c17ef863c8c62525212f914927e7c82c11cbc8aef2e7c0ea885f2171b88963d07aeb1e45e064097c83625af4dfa0e8971af560545efc79ae25dd63ced6f608f9083445308bec8f33e2abff84e0c923be453ba2fd1b2fe69a6e898e6be652ff28953614de5586ee42dd20625e66bb8c090f8af929e724457658d21b2e45ee4c12f2b61478e1ff2735e05f1eb619a39bc10fb193d8dbb191293e69e4acfdd0be624d91465873347716133b126370377f322633e6a847c36bd34ad7216c6ea897781b2fbc0df44536489106ac4791ae8de8a9b54e8c13fb178d7c55c8eec5951b4432c7632d84588210df424e9171be887e39b0de4c1f078427449112daf16fc73ef6c8a6ae449305ab318cd2c8834362689a7e105bc6c336aec7454c304f25e39f4d79a215eb712374eaf72e212ef156c79122ffca246c87890f75307c60d9224861eacd27d19e7025d92b48bcd56c0fe882d06c812eec451f4a25552c4bb197f48f1343556c6a8d0091c4628cdd32b42f8d8c8932516a2516215d96a7fe1ab1814b22c374ee8a9f8451d8befc6f85c912ae24a2d56a9261b5ef4f8e690cb2c64925d2cb748b9286cdf089c9236c5ba36408b8e127d8bee93e279757bbeaa8547c312799567c0bd08562c89093d8d8bec95a548acd3f04bb11a268a905cff00d2611779f23f06237442c8d5775694317917827cb24f0b7ea88ec4f32429cf0bf748658487f445ae48c6fa3f698fda7722c0eff9e56bf137c21296c79a6f833027db9e4951f627a447fb449a2fbb1f4a25412e97365c82e2ff00bc376e0b343691ae13e1797c1678218697e0f94e551e4dd64ea1ff00827de49cd27b6492399b52495d96ecb13d628a91712b90b63cd3ff004fda2c090e75820b2182e31e07bb92c550b642c91c6c4967919f824fe78178e78c1026216d9f85f4490c49125c6e902441086c8ec4d73049234dec9e88ee904a813dd5ddf99f1cb7e0e7592f6f23547443224d9240850584f867c894be192c432c4ba3faa4774827b268b0cb2cb2ec5354d914c895471497f3cefc8d7e2a8e914955b9dd3f558fb84921f4c97dd12a4d556782442b90b10256ab71137a58b12f44a20445c8218932165924688374e8844a2d048a1172495bb1ff007cf9b92d53aa213a3ac117a274b4fd8e51aa58910b3205b48b7fd1be8fa05d87d087d10fa1762150494944b132034245b47e0916d9dd522c2ff84b59127b2094308d1361193077d889a69103625fa0f2f9eb8a19794e268ec281a2083424ef24fd928504a8a778213a4d25936b90a2590e726c8442b5eb0c8545268b13d11d99a409551049358a6052c948b91482da1ab8fa7a2f0fc09d3ba26351addda30aee8d5c69ff000813ecc7e70c5609435d321ef344ee26352744104765e906ac4b3f4954fc2c4d205d895a25915448dd2e91ff00a453571df18123a04bd1cfe0fc3306f8217f60929fe11481aac32118fc27a3ec27d9028231f5487ba36cfda644f4263913ec950c92fb344b25ec91218a9fc21cddc0dad22e451d64b9b12342314fdc0c4bb1b7af4dbc27bc0e8b6218695e702dc98a42a2634433f48a3447fa4979b10ea9227d8d168fb1027ab90c6d6a92c94f548acbd23f4b107f049e90d259c92b48862a2486d7082289eeba544ef037fe0febd3d7c3f9c164d8991c649a40cbac166422e97628fa31c924b218e9f85c8ecb52c3443229f8411d10e2e5b45a5c59122440dd2c60d93d2a33a36460cb640da5124ae2e71e47b3f3c4b159113148e0ec9968649249208645106ec827a127df016208b1162dfd24bd23ab89ac42249640a73891aef490897864a4b82c3a94a4dd76c954b6c6dc93d64fd339f572f15c5314354ea9919ddb34c03c213ff690c680889ee474684d52c422483442e88268bd127447b21103690d1932125f87d950406c6f87e12c5f64f48d1043b16d97176679c79deee2b935feb82a48a96ecec3c92628b85e742126f1b20ebc46a4ee4d244bd32128344a44e04cb106f36a908b526923524762a4ad895f63b350b440951b1b229fa37fe1b1221589e90f346dc6053b2f6e86d6bd09f4d3b7df19242b2ae89dcd74621a518a393294282285582436bc0eac0b5b12552ed5554f3865c82069b99d8842b788c76a1d186c544bba124764f42dc9f84325512437d6ab3ea64f2e0e1aa49954215258ab4411c319b916b1881cd569702ac5268cee9373660629e9c269051f821d0a072573d8bc1171b1b1bb0d436e08249127b24b08489442d9f8371106fd837e55fe0b7f69354e909fbe0994b1c74edd161c3a67948a89689cf4b28b8ce51982ecbc4d33851222451185cb52064f0428f9a491b10f289764aa9181beaa86f37d891137606d2e5bf4f5f3b4fed532db10c4648d2e7d09654aac2d3751614e1a5744d488266cc726d2ce04ec39e1192862dbbb8a85c2513c246ebb2516fe2926c8a7ed121bacfa33e16f409d4d246b50224e286ac264598572d2c931a28c711911b57124b26c424945b93d984b8300599a953e068ffa93b36da25f773155b5df0641f8476664826bf61bff0007136f4f5cdbbba2aea9b23c09b4d1625de68e882e24711998747200c9559c5eb0b825598902269c34e5512df12a075843250dbe78209b125a421a9924482a48a82576f02289b10426db5027290e092094477c6361bfc1beb02f65aef0ecdf36888b3a2625b22bd52a4924f9dad65917269382fdbbb52d2b3328879620944b29e695862793291db9c0958506c64c0b2645c4b119a24b512bd22c4092250fb12ef7b5173dd638af161e15e168b24f1462792d9257135856e8d599288996eb0ba2daa590ae25b0e066365f5c21717fee13546cd89762a2572568611690fb5178a49f3e4bd36882cf026262e0d59c648e25e4568f213a66a9843812af77e4bff40962761b196532cf72dd50c4114485f648a079a34f05ecb5dfa5034346862771373da244e6c912e4c5ad87d323548a1c8ccc21a7fa2566d787f0c14652265148642f3542f6c4b5750c68ca2134f18ab64bb886da374649146f3d93c249a4f0937e86bd64b0f56635cb90c9a4b267950f62e2fe8844d60729bc8b85ed22d698e2d4594845c18aa9fed616c83556e13911335b2dd12241192848d9fa3691fa4522b9122ee278cf29f4b0f457081a10589e0d61cb4c4f0255c386230d64b04cf81130e2525f8456ae5685529c8e2cf28ecbef0270b06e8a35622bbdd92376a342ff00b5b6c4db18a34e3025e19e53e7c3c91e2645393fd092cedcef65717e882a2c28e56c28b4828cb2975c6577585b5c204a0fd2c34368c8940f6b7ad349f0363d86a933ea10e2fc269fa493d9684389de04f43f0684a2d1a70cec2aec6fa22d6c8b1719a1734436210bdee397e739e31ce49e53c9efeb3ab15b1163c0dfd421492f0440c04e08924806b323c12d6b39b27d85e2287b3a51b33fd55b2517607f43840b3714179fa17d234ac9fa2f12e33726b6f0db83cbf4e784117a3541d74dec55cc885698c929e4b09b3431dcb2c5320a44960a15651358b128943c02decff2b3d90c70409131fa67228d12ac23199128a9fdf0cf8645e2d7a6b9c0c687d05316ace44cfc8c5c64251c3a4f0ea44d61dc7395438e53d8f169315241286e563ef2c499622443e1dc49eefcd7817a6f0fdb74813a331927847a4acf64985d316bd3dd152769b0dbce47b8ea39404989532fe1f6269ad10f6e45c979e082392e387bad0d09d598a776476052274463d892d410718a54d4c81821cf773468fd19a619212342c3117bb3fc2904d660488179d7155910fc3a7bcd0d0d74609c88db81b658523ab32f6d726b3b027e1a64ad0ddac410de591d1fa13a7509728a40a9148f61b1e92aebc5811d89717e4244a1902a69648ab35538c40f69490b648f4d92d886c245b4649faabe328ac0f3568c85d1817713b91eee27f6211b781581dc3ccae15c9acc448844f45e68b89202f23f12a2f463c4f7759e1a17b2d51a21a7287e190b0bb81048ad33213b1a6a50971913e891e6e4f43b84844ac87fc082e478111e28e1af33dfa3bf1ec6aae8c6343468b13736642b3613249b9fd344d89b0b2894b045b92bdd9102f2c7a6a93c7745ef3a3445863435fe0d09e07026322de5dc4b832774c61234705ed7642ff64bc85f42e31ce7c526b9af0bdf817adae6c686910343562096b0cfbcfb8790c409cc906e15ec5de58909708f3c53548a4f39a2acdeaf0fcabd86431d1a208a3364518aecc0909e15e09ae88f5330bd49e0cd78dd1a440e8d73010a897acf95fdc3759ac924f263c55d1d1d1d1916a45142424215172dd11ba479f748a6f94d305e28f16eabc3737ce0686b86f02cbb8b0119148a2a2e4b92f4f758a62bc0b9cd645e1df3758228c686a8fee968412111ed4f1d78b5f0cfc0b18c62c8b89128a8b92e33edcd325ea4fa7b228c7462cb72602a2e7a111e29f1cf8775d796f8efc5bf26bc0d1b18c620a85e29f4e6fe39ae4be2278343105c51cb7e9cf2df872f6172d785d5d1d682109d269baaa2f25fd5cfd0d781924fa0e8cfa988810b1c17b33c75c22e6f867ea9706bc33c5f16258c28cab3c572dfa9b7cb7c33e0bf19a4f977cdf95d0964210842cfbd34d7873559f14889f0337e84e68c631c980bc73c679cfad9af16bc3dd344f9774d13e03042562688555e9cf87fbe2cd79d7b5a1d18cc43512a6cdf85566dcb7e7df3d7d29f33f0bfa246ec33231423422455447b1b2fe4d7c8bcef8bc53557c1d1e18f63b98085aa2e0abbaebdff00ffda000c0301000200030000001009299bbbe38b1cbfefe6cccfdb609e9011421b209a8a20caa2481982d27a4d7fc72e3082686ab60c71dfddb5dbb1c30f4cd210f6208671288bca132861125485bfe31d33e34ca0865cfddec932d36ca445f6180070805000a08658af2f5207408e1d34affdc79c34a241eceb1cb3db0cf8d2ac1273530e3c3564b8f2e18a78c238004b084f64eb4d3cff0008659f0dfadbee33f7de3661a658a06141da1b8132e048765b5c04508aa68d35ef4fbdf68ae2db8b2adf2c34c319a234f157b53e1c1aa9048ab0a8a0a6d206823ae7ac78fb8ae68e08659bef75d33db5f01aa30195145c2b4c0eea22263900a9f497f7ff00bbc33f3c36d92ea2ff0039ff004f70fb3fb193b0dcdcc1586567d7264c3ab37a9e654438e3bc71ebd9a2ba68b6e30e37ff003c34f3028c1527c4244b2cb29a23b7c659ada55d226c77e3dcb0becea8d74cb4e34cb59bf8f6e4d24314d444fb8963aadc34d554544d23d2439ebdff00b2e2a61ff6dbae72c6ac7825d703108c06290a7e8e49e6be02265b2d771542eac3ad76aa2ef9d3bf34c34c2ad79218ed13a0929023d70badbefc11487d7af4881a968ebce70aa7d77fbcdb6dff00ff007ee0ed9c14206b2847bfe5aefba4598e04c78f2d094c27dbdff1967fb3ff00ddbdc3cd3dc24951f1a018810c7cbe99e08f5788007df1f21a0da71ef5f3dba2afce31d76f70c33f6d05379d65ec52ae02279ef1411c0038a73ca6ad5821fb7db1920c3ad78f75d3cf32f22f9668351fe99b6a96ea471cd140c34df0dfb80d070dfbcf98248a8cb8fb9d74c38cab41a70f7f4e11a299e538f3cf0c043477c278f379e8c75efaa21b61b20827bf2826e4b5db658626ebc90414808008a140c5c7b143ce501a0f71e65d3e96d838ab49edaa2c65f18551a48a2880038000034c0a0e17733a76d119039fdd7adb5877829074988be44d0c1578fcb3af8b622420010c0000189e3afa04cf2d6a23cbfbbcd72c2cbd3294d7837cf5be9012ac754d780c2c416d50208a823869d3a4edba9cbdaf3c30d7fcff006fdf23c30401f24822d105c080234b0020a210184e3ada26241f11bbdbef8b0e3fff00ff00fcea3fbaf0f4239e3c1e51224d3401809482cd204129df2190331bbfbeff00ff00ff00ff00fbfbb3b76344bf6a5f2402b5520c73c2000c3018a244020fb2d487ea6a3b2fbefbff006bff003020300b6d15a7ed86a975c2947c53c0d1508178341d674957758ca082cbefbeff00faa086009724d80347346f0fdf75644f43055e1d22c54e073e7d05561c0820934f6ebeba730c0202c43d9a2a6c1ad313cf7d3433445bab35b76461dbcc4b5000820930c30f607e0c01c034c8f77c62b5ec313c0004c510cf066f9908371c88357d670820830c30d2e453c13bd70c0a26a700798002ce200d083053c138d38a6f4ce2059510820820820c416b4cdc0142bcb6580e1180250001218803831cb14e0c06f0db5150690820828820a2a9fbd39d962b080a8806100a120082cbe7b2c2220cf185a209131d8d90820820820814a7ff00f86dd021fa78ce3aa84e280000b24be68aab8db05a6541c27ae3daa08a08a4b51a76d35ffa377ebfe7fd2abc1280260025ba8eb88e48a8bf15572aff00908efae08200ba0a2a327d9619d7571cc68ba10000608e3ba3fbc006bb4ed1e08123ff002faeb228208589989f445319c5387f94c08001001aa96e8a5ae178b18f0f8e14a60b7986ac2d870383ab6db241701351661568b02cc22a629e61e896f34e1892c426e8328209209e38bcd2805773e51a50c41975340e340820083afcfec1af30e2ea5583a663a9ef825befa488280b8dfc6d168634051561b496f6224d8cd65f1d148f18a5002f98688cefa082cdd0c2c06841461c5d52c34c560259974ea25841305d1d5e8a8a5985809a98dfbeb8a618847fe10933ed365e10268f0d25044524ca083847b4910a35b389e071e37deb6eaef67ce31eddbbdc1464429261241700c6886c8cd698c1d149a3057d1f671bc5108e78363b5ffa2296e4e68d4d3964d230725861556344d59f41c7b3c8941883d9c15908298570b26f7f2b82561860bb6ecaa1aa30112e7907950597b7dbef104ca125b0b79082c86df77f72dec889e106d151861559160934420a301507c78e3ee033c833405f590820a4acd755a4528f059844c15761649e45004d04738a89602ad2e55a03a3567d9611820bff00fd44b5166dabc45eab602052418d13050c48a09e7ca86cb44d39ed3954d97d0b20a70c5e610c1aab3e30aea31b240f3033fad6168cb7eb54a4558677b0745d7da5118a1c02c3e6dacbb0bcefce2c6743c1c0ac1ecd6fb5c32287e474d56373c041f7d8410821612e74758404338e3daa2ca8836e24da2e78fb0c27151ec425b78a11145d45841dae421b73052855264ecb4ff0ce0420b35d6dfb6ff5b00d384102843935de51051141e96067f6da1501435542f4f3acbd8a3dbbd7acbced9c3d7568c179841c49841c4596df961d7a4d250014f4515cda31f70872db0df2cb4e7e435edb83ce9045059379f5dc519bec5b951c412004796560deca31c72d7bf76c335c1ef0eb4c7a6ff65441b05c496658a9a4b50d56dd4096093d6021aefbbed23829ae413af1bd78e0a4174de7d445e6dc650ee467a11f7934db41b17ad08a2783bdfc8a19bf45f694df9cb04544106574001c36ddab5fe8c1e65d15170611f12ae299f2cf4e2048fd155bd793e1241e61875224779d695a49f4b4535944c871055f0c27e99a98648e2934e174b279e6d05197d855549a6954dedaab1969961d5074141d210d4391b882bfa79f5c2371a41159879a41c6926d36944508f9ab045759f60400115c6002937044f9cea71855745b7104da4184994100057d649c1c8a35c507167800c24171c23100058d9c00ed47b209f7d85884d201040318d79169574049669cc1c18814378264641173a744c125f85c661b51041641265130721d71241c6147996590c008d05c59e1043106864706ac1d545745661749149b69b5972d265275155f4d440008334e140203454794496ec04193975d809461a51569861961369a59f7188b04505d12850d21082925d46025053015085081544d149451060c18b1c46d3417659b5dddc75e7c341959e10f7191d4441f5b02814a2584984902185402133d141049045e84a75149c69d5514003ce214799453f803404cb45f65f4910001876500d05504bfe3918298845665f4125c520c080418710e531b9c5e41659941040310661e41149f7f66122c5ed74565564516900403c66162dad1779199669441a5985d65974184195d135dcf514c79c49e5dd7dc7da1410c80172b785128e7ef4935d255667e61b41d717650d73f3fffc4001f1101000203010100030100000000000000010011203040105021314151ffda0008010301013f10f4d2af897ed47d630f1aa87b7e5f8e8b952a566c79166fa68bf6bca8c51e41ad47b5ad96733fe603b2b1bd6370cb22d458197045cb97b6e5cb23cc3516e05c095e54365e061e80cd595cbf4e24b82b9864677aae0e5082b23cbe07908150f980d270af903d321e3c37d421c4bde1a4fa83a0e43ac7c1d66f31d1716284341c6c73b9782d4597ebbc4d66d1aafd2bd61c44bd8e558a44a8ef3e9a08e37b5231db760431fdeb358da1702be0189b0f1bbd3585c1f0989a8e0434de2fa6d7505c3035d655ce6256758564740b8303e50f8a9a3f08647b7d2ec313babe09793c03a8f2bdadc43325c349a0d37a85c38af73b46c5f4bede221db78d78fafe32385e97dbe2af1f6f30c43cb785e17ebe39041886bc3cbf5e5be22432be7be00f0755fc224fd787a0b895bae34f2730c1e1f8840fa2a56152b27c16e0432bdc57a30704a7ae2f97e595b8422b6d7a40cd227aabc9c242f00e402075032b977e2e5fae21d408c48990fae640cef61d2c1bc20720d4906e1c87a4bd09712b605cfd6470af50b8ea087e33be1562635ae0e89b19fdb4043a0377f4cc3038ab88ff000958043d3486b08703187d1d0438d2579783c4437564912bcaf925c232bc0f9c1f247e8861d00e621e708479de420e5791c08398e7ffc4001f1101000203010101000300000000000000010011203040105021314160ffda0008010201013f10d86b40c2b2af6f0187205c3856aaf6f41a8359adf7a2a5420fce44b84f5317801cd67ecaf2a560e9a95db5102e0118b3cb589a465e21a873dfd8522d4700b8cad5585f65bcaf691a9673161e1bc48f9acf98b8b71f9a18faf29fef91463f3a7e58c7fcd89fd29e13123ae37ac60df20f53e17eb1e91a8af8160f52a869315a8f7116dba8b83d64183a2f05f0462d5716be1860ea58df6dc3531c1f5eb35a8e0fc8638b91f09d83a6a568713a1f1e52115b8e97902e1a4f8ee7888406a7d790d4102b63ea70d6c0dab83beb6115b9713d229a9c4b5e0c123cb5035ae4bc314e3a812b5ad4bc9fdf0c9226fab8456d5bc98f87b58244d81e02b72d43071a951f0a952bd0251c0d27f3ae78789daa3b0787a9c959ad7087b5e30d55e84af2f25a8ea70107c30632bd0f2b1a952bdbc96a2ea638dcbf0f5f04240952bca950254ac2f35d6c721f0e35e4bc25fa3e0e55c2bb569183bd971c563b5d43077392f8f40c1d8b1c57cbdaec18b857b04bd638af21d63168715f82186b2f1bbcf0c4b82f23c23060fa7db8f1b1972e5f0107c6578bc8c71be01f57958f20fab2f958f21eafcb1ebccc7998f33e3ccf33cef3bce79df82adbffc40029100003000200060202030101010100000000011110212031415161718191a1b130c1d1e1f0f140ffda0008010100013f10cd0882f10473573cbd12beab6bc12eae65f01b0df5df62738db3f812d89c1f2172f817b14637e87f27644a318262e3b882110b8b84c441f004c6cb85294a52e162886b04f0d6068f0b916e86eb049ef9905b09923a090d5ec22ea9ca4c0847bb8264beac8eff00a123abc6cb4fb052eb8109f860616dfa39bc099b76c37efb0fd8e7a53498f2c02c5131106265289944f144cb8587984c1a1bd8b1170b820bf804a28c83168d125d7c8d56bce133a4294a1abff9ccd30d685fa0d7e89d8cbc08f18ed953ef665bea75e8511905240750b50d122fd096ef82ff00c10b8eb819ff009ecd18e862c8510bc40a2d04ca516041042131462c3d38cb9b34840442285c115b184c1c984c62c78186bdbb1bc4051f7430cf1e46273e8a7e417f42fe86b27cb820ea2393685153068f00d137ce8d2c1b7e82f2f83d872d6f90b61f3c26f0fe9bc2fb1e821fe1ed1cfb1642082144131b2e0418d05ee3085186f8003c86c4278832fd311b223d42d7a8899240563d0f03964bec781a333a86e142fa1091c93789f85637ba262f417f6255fce2fac21c7dc1ea3a5bf66a790cbe19d53c95eb01fd7212c09f872134df9d8a37f07b39102421d7346acfd84fd89cff00e0d6a85794061604289e6e266898883c10a28989e294581b0c63e18751e67d823dfc0bad089748fb1a82ed3ec60fc1d8d07ca8e7dcf03cef02df5dcf10dd4213f435a120a5af81ff007817ec20bbe278c340b00e53d311e74d4fd7465abe46e39e969e01fa4a525d13a68d849cf02c10b873082622946252568e5821702c17333703661cb1042162e082c14628c90373b0fa8f89fde0fdcbf578d9ddf91a79bef63eb6f3af65ff00d8e5e8dfd7e362f28e3cde46faac0a73e8413a5f64bac33633e42e626bd86c7c8427ce8a1ddf4e6410b727e916c6bbaea158986bd083f61f621a84afe0816c226fe04cfc92cee27b113fd08a29ff00d809d29cf0b209970a5208618a5c5294b8262e7f03e00f12c154aefc0d604110780eb064cfb7fc0ff86c9817c404307b12f01b86da104b625813f4510dcc239e95a4fb1f081c3bf316cd1ce8f7d0ff0041143651e97c8de07ce1cdd0831bfe098dc6355f0582610f97d090ff00213c34be443935ce3c540c5bdb05b0b05ca261232ee146cbae9828fa1e0b8827863435304c4f0586f03106b4251f9876451d13ee6165082d763fe07ff44f02dbfb06fa13d605117aed4677b65130b93f0c6bd8a3e8dd363edec2a29c298c35c0820a30d53adf81edd709d31f9e096f8a4390a322dc590b8441970279082626520648993da34bdfc89590957613c86c48e612851e031ea3e061ca9d8ddc2131f4240878be75837e03423a098c7c084a16a9b9a184cbe84ebfa6225e5a0c3e4262543d02c745304c9adfc090e185b13f7e31306aa3bbf60b46b06068297d3ef3e28f810e45c4210413c882592f10c37d9e4ff9c1f339cace42e6cfd89fd22edbec61e298d841093c07821458a18616c43d6b0841b2f9791fa616dfa14f19747fdb439afc2c26ce4e820ff20bbc60d8ff00209c7f01f7cb01af7c0513785ff027042e1d7a8855b7a67aca31883882be53e4f287e5d15b49c9833e50ef4f6e65decbfa11e41b10419042c0416430c83143a0be867ed4539bd505d7bcec4bebfb1ebce10f5f3b35dae5ad0bce7fe4c69a41c87e838f984d90ff00f31a3eaa628b041b8bf47d8d897e8474197f425e8b82535c8b4dcdf5d43920d4173104b7ec35bf20decfec2f4f223984f2e66d8ff8258ea3fd062d8827fb8c843afc621b6f465cebc60d3ffc0861073f51fb8e7f90d5f23dfcc57fb47a10e54fa5bcec67997d8820b04c4c41159645e813c9868f88ff00b83ffe43f40c4be808360da6ee41f690c12edf44ec5cfb17039c1228823a9f625d7081318d13c3ece5c2a73df62f313745f472a0ff0000c5c09ec684c92e8306cb0b620fe46bf03a4fb1316827fbc28b81cd7b3d8879bb066f75b163e682c669f4d3a3dac781df411c1d9339fdf8d897e7c324f2399dd7ec53c8c4c2dd5701104f638820b22783106f221fa082e203b6c746a6b63a104cff0047d05d7539be30a52e39f1f2dfb2efaf31ed8d6c24265f18197a61afd0b9096083627322f91213a20bd325121228d7a2168f0512a9f1cc8d56d68fc63c020d859627c721762974f23f711f114ee2f61aba88f717b90a6bd420b9eb3e1e7222c51862f772ab436e9ed4756fb580850d61d0d68d18f1d1fecb45a3986347e431fe604a0d102cf6f27a17c390c26773e1cce4c9618e172c4de0c3dbf812bd583674c1b18b67582fd31447df21e8bbb07eac1a3a882c082c0f61041604161610f80a4380d9d03f20d7d889df809606cdc731e85dbd74fd8bf20c6b3e473c6083441a20d0f00cb0f87a28b9a3744f7ecc6f013fc2a1f3bd8274ba16d9e61d7939b63cd137828a87cbfe1cce7a34706bd723542ec20e3e7d441609eca342584b7813f62eff00787583c5fd10fac3d86cc082c0820f2486b58104884108210820c7887d80fd43254eac28877510b1a73fb099ccdb88e73f25f63434343263d030e3b5b624d80e0f50bb8172f8104ff44d5c9476b9439dd9cbe8ebd4bb1380abe8fe850df860d52c62781bf0a7378104c4c5c0c21d46f241d4d14b7ef1ec29905cdcb12581220b024220d0910824420961059121e07c026ce887dbc0f0caf4fd0abf9968502435c62b543969bd5391d8085ebf42746c4c12a513c8f73e28f7598de136310213f01310d1fe61304b06260a362e89ef0310882d8f7bca234cfbc090b2091048842104848484882441644c421041700b2f8120d629043c0b624b458219061bd8d8d4160dfcda0d88737ecbfb289eefb18641fe028427e8484e0f60c841b1217fc0dec4a945f42297d0951eb382b108208420841221059091082104160489841ac210842138262106b346c6457ca39be4f673c3627b9b20b6737a0f16c282fec7f1990975c68c3784ca34683642ca106a144c6ffd085f7dc7f22069fbc4fd181041048484b041216042db8021308442e51713131780f820cb8841c91cc45eddd5e868e42f01b27c08281d689a3e47b3146f2e637ac5fd17df228dd3e4875161043e412107fa61b2686862e26288abff001c1c9212c090842441090908242c4e044cc21310589864cb2109c064c536339a09ec820c3582c3d22e40d6ca37d0fa3eb146fd96fd13a899704842741a109f8091c885d906f0d62e4974130208258484848988212108841628bf85e27041a2e1b18c8364c3651935555a7a2d0968a5c1c3820deafd1fd30730db28f5f2d17d1478686dfc0b0344a42eff0078626264f652d5d4becfbe025f91ab128b8104410410913098441612fe078bc1068bc105c4b9631ac72c7a106e6b65fd0b4145bde20deca3f83e183e1f0cdf4213104c977e47ceeb908486cb86fd684c61a8265cd1f58bf807bb2241043084216121220b289843ccc3e064e25c46898520c9a99f4d2c4ff8326c7b16ba798d0be4a27a390fd1306583585d8fd07412c1ac5c2c8c51bcb2103459f5cd2e290842622090908582c2c2c25c3786703e1986c796c79a28f09cfddb6c5d5f0c4d7b613ec20810e6cbe87b5d4d1751312f21adf4e47f827ae4730c2474e859fb1bff0047f85fd1f229f43feca512ac84f21b12f210d16c24131422090b088242fe2785fc0ff81b1f0379b8ee21c784cdc109fb1d3f6d104242898b1371c1e0be45df627fe3068750c412bb8fa209d4a7de294418418d93f65cc258a108484c4b2842ca4517041ac2c5ccc51e173063e0a3170c706b35bb709e361c32790babc13744367b97f0c2e98f6721fa09e833fc1770d89183986a60fd0e423a890c20988428d61f4fc298930208258421212c24259825c0b0f8e88a51f0d2e1ac51b20851bc1ed6f662106ff438d8c1b6ea367c13f63e8c1af221f021d2688772fa213f012f45ac98612d9294a2c17ae0d947d01740d94af191410824210909084c5842cae0431e2e2629709e2e270b1bc51bcb6358eb0adb3ebce0831a1b413ea3a7d455f633e8788529fda18b646a097e87e987a42e4420de104b1478786b2e7bbb1172c10421210848484162e1613cdc3c5e14c7fc14b8632e210651b1f20c76af4f09164c14c2c3a144b30990251897a1ff0018781cc82820d5ff00e1342210617f44e04afe8313a8884240a1213221084c42c211308b85c2f306b099444fe1789863c420d9d2eea4d7cec61fec38099363772441c2c1b9f1d8b62f90ff0006c7bee3df6c21893284f7c85c884121bc93787bede4ec9c962484b08582421082cdc265c931970c5c0f28787c5463cd1b18c6c67dd28735981a9dc61a131641d4c42feb11a86c409c5d317d1cbb0853481907fa512830c51aa218a3eb642de86352e0908585131310b1044cacbcbcacafe1b8a3c318c641bc364963ec6263085d4fb24613c0b207fd242c620cba3413afde160c2a43c3ec409fa185e0363fc279420c3641758349085821084848581226689e12c5c221483c5e1bc1382618c8418c651b296e7721752f9e28bb1d4613f426317f58406da9c8dd0ec6fb8dbf0c482e9cc612f71ff845c281d7c4beb109eb0835fb9887e8121a7ec20ca5abc43f46090861084c4c4f04c6c44c12c2c2c5294bc34442178ee17170f0820d605d7527df2d89944868fe8242085cb925b6091251cfb1363f24f7083f2e0a209610246123906ff2984e99dfb19a765bf3e4d0ad383de275dd9c821098213c121210441210b08489c299443c2c228c98bc3478a2631a1e18c6c1e623418410b78a1ba13d97029d74398a23e7b42a36897e44e16af8d1d0105830bd86112580d1b4837e46c9362bdb25e19aabc89e9a3bd03827ef65d92c3c139e2e29613082441609616122104845e184e0a27983e0b8a320c7963c318c31f44c96f22784e084881bdf013341dd47c76a5f653ecd17c8a87e1f025514083476396fd0de034090189f6135ae9dd0b97ae5ef0797ae553f247a390f1ced85a5d06824b8d102347e0710842084242082fe04e19985c4c20ca51f05c518f0f0f0c787b7c098a6e9d297f5a1228d944ea2fda6744cd7e8d3ab4c46fd4021bedaf035d3027feb06f4515a273ef720de4a72d1f3ed3d09f47216ba62b10cf860b0f1b51bf67aa2ab2509098842042161098b08488426613170962e10c5e04c61b2e2e5e6146843e47cc688f9024291cc31bfec12ac40b9f53e5c306fed318b7ba485206cf81e5510f473e672d10f5b25f253617f7fc0a45f414d723a56109e16b44bb472d0a3e865ca62157e997e0d08f68b5d164421042424258421090961086221085c2c42614a5e1831906b34b89865c51041fa616ef64c12f4309cec2d3e46e772f05294fa11d60a946f99c99fa34c791ad0a89a5095513a74c6921dd14a5c5e04f0edd312420b8021042c210842c2121ae06410f0f10834511085c34365cd2668c6c686f10790dd13ebe597a75123e45c8e48f865e694a5294a5297f8208b6ecccf6966212121212121210858484513c262cdcc18884214994885c220f0f3714b8630f80d9b13f91e30b7d06208ba87217cbef8a70de14ff8123ebb0b01090b0484858258617022888218843cde25c4208a519313144f3310ea521068ddd7026fe09845835e193f8d3852e15858ed536fd8825812c242649613c210b0b0b2f81130f860b3083586f10835c0de4c9c01068a6020d907817826165145fc4847743a45677c8c420914421613131316108a2ca422612c31618f170864ca7c1314bc0d1308343c35858683897e870c44c2f1bc2fe44244e2d0efe5a10416109084b0984882425845108a2c42e13c52971386660f0c842172f0d906868420f2bf61ecc482757085ff00f1258ed97f781048984121042108426265c421058422e121a2f0dfe0a326590841a20f0831a1883427045a3f4484182f8617ff008908ff00d22841082594b0842131328b08a5c279852e28c5c178170220c44e0a5c4cb4320d0fd8684c0f764abb3af51bd64bf897f02396511dd0b5e16042e042c12c210989e13109e161148529485c2171d2972d62887884210588344c2098131cf0a2fe70f9705e09fc69091472776412122096209090b09085c0451085945c4c5e24b86930f2865c3e0822e28c8343581862f81a8e64f30fbc2652ff003a47fe8263efeee88242c2642610b0842616132e131656662e21047d66ff0003c359841f07cf4c418c68630f21528554bc42e15fc08abec3dfb12e24220842c21668594c613c513131e2653fe26b2d89170f08799c10841a20f8409d1dc8f0b2f12c5e0a2e1ed15f91cb753a2e242c212ca613cd10b84f0b892e07c2994b8bc0b0ff0081acc2618d1068830c5cf2317f8ae2f022fda73f784420909612108824412c2cd29442108a2e059bfc30984c62e07c0ff81a261ac1a20c53bf0d70afe1a6eca96dddd20962e1210842585c10996f026210882cd1132b37f85318b2d906f33105884cc210983d04bf98b104227df732896270a4242ca26162e184131645c48785c3734b8a5c4c3e07c1085cc20c79413c27f32c221bf02f9f2f3313084210b0b1314b86c71842c2898b8a938da2f0cc5fe062cce1a344c21084ff00f022ae0f7d90489c284210909085c346f1391184848484898bfc14984312e183289f1cc3e383c419313f9963e8f45e6f144f0b0f28592210486b806c78386f9838842170ccde0b8bc483c3189e2946f091464cccb799c13f897157d743cf56097122090908b859434308284af40faf8436170ac5cdc5c411045cac4e19959bc370c9c2f81712e158bf78df924261e190824410865113332c6c36fe4e41212171ce258a52e6178161652c318f1317287c349c17f890dc5e82631089c29082598245e1783e2bf5604259588243c4e184c27c14686c6f828b2cb9bc2b81b292df192ff221e7a307dc6842c32620b098c43b855e84f3328628a736209650844c27c2b1782612e0652e21084cb632702cdc51266342195e3f9d605fd1fb108261e10d884c4242c12c2e0684153c09090d105885c2e398bc17105878a2451220f0f0cbc170de48f2bba1229a2c5fe36e21afd88b23c08229099426211044c4e06410412e0212fe2bc37106b85090862c1e1e1f0d2e126ee28ec17a92f0d2c2c2c2c5c4245b108491e0594ca228908594278b86c7bc1212109e50b89702594526170278984b09e521a1ac3c5c328a0b3a054417e3d123d37c4a5e346c4f04c731afb2166e5210842c21620c841650b28a5294a22f0ae383108b859eb9a343652946365a4f63c0e069089becd10f5117d0be585fc09668e9d1e0d16aece313c378a2c12c2c529709e1f024242289e10cb862cccdc42904ca5cd16694652e60cb8a2a115c83d946dc86b01733e07310e6c13170b86e512fa1086c6cb87cda131e26104b370b144c6f8161705170a1e2e289705e0584b86930442628c5b1d1d73bcca25fba5e52510202f615fe21e1ae566e6e77796bc8f091afb02ca441318984b8cf170b0845209e6610f820993171445c41178110621b288bec56450351d2cbe81214f90f058812c4b074c9c14a5e3618741ad0b1b6ecb5e86b8426213131320884ca65c2163a8b0b144f0997868b82e2906f0b2f868de4985fb096ff007825e0427e448fc42d53c0c4b2068123e58a5e1b8a4c53f5e10fe448627fa2c3ba09884242114421704ca114a265294a2e1a265289e18b853099730b86c4418d9fd00a9474c3f93f60ca09b733ee28c28fa12a25fe870e1d43b84bfb0f866e2970b08a68be58b918d83770fc786d0842c2784210d8c2c2c51148242c4c22978a65e2f036516132946ca529d82a5e410a55df84729e45f9070e6c4afc06e9e763fda6441509185cc09ea0ff00d0ff0021ec1e69708a2c38166de4fc828842fd993d03a21a6084279a2652898b8a52e13110582651613c2fe0822146c4359b8a3c52e0bfa834085f2cbd82121f65b177fb10aa1299015137f05ae7c8d89e43c21938108929ade1fa1610994131843cb8e70582c5e02c2162e6885132898845d8d89899709f0d18a321382970d8d8b62e89e0e6c63425b1ba11d3b8d94731d604ab12981a8fd544fd032425fe383442f0a17fa10cfc8e22d04243e84fe8c59b84b81144c4529458a2621706262651b2970b0c43190b85cb197d8f69850d7b055d4313f6375f98c1c31a4bfa13b7e0d8b82af8d121d213f58138a1456fc6025fa71a9708a4f84378fc91214eb4d47f0597406b04e0a7e44c61313ca6265289944528b0b813e04cbb28b0c4f2c45c5288988529a7e4b0364151a098fa17c08316d07b746ee84b8368a3a30513d7a17de109a9f225409d44e2b84246cf0d7883ebae21c9fa316e50b80421ab0989e2e109f0a784c5c08584c42632e54a362288784cb851304b4c770e162949d510541234535be67c0b743e53cec4a0bba140d1cde9113020dfa1b6737e47f0cd0976c2e15cb11743d77918d9f14c4fd62c5de4868b7c06211729629482652e145c05c2d84513cdc22e13c26257e85f43787574f073118170082161071f4243d2fc8d942160e621a771bfd8a9fcec7b0b5af90f6c6fe568484883e14f08947718c63030d8c36435841318f40dfb1099458a51703084f0b3442e13c2626278b8a263c09944a9a3d31f02737c965b390ba00f97c891489d421783c9053020381bae025e5cc442a725e0d0bfe87bf0cde0bc30b4f61220f03782c2df56952bb820e7827b1329fb4082161610988b84262288637842c5e23626378990a469ccf028df56d8be07b449818263c8e63e4617ec3ff0869050a8978606e2161bc095746eb103ebfa3fba16106f0b95c17f43df76266baf93fc10c743d53d481e66313103c260d8ed7325becd88262e04ca52884242794cb96b34a31b1329463f610f236f8434314ea24848303621461f8020306e7f45f7a094425c1a04a9d03428c820c6527120b1204b13086a5e84c739fd046f397e87073ca630e04d303cbdda107a09e28f0d944d0b14b9a52970a5131b3639b0928286c1d60b3f2c7d42aee7404a8b0585e0e5bc0ba83958bc0c43da7a0e342417e83413e10e3a8b77f45d1cd89705e19948e50a21e5ff00b2189e85cc58e4ec3c91b781282106128c5eba8548db75fd0d812e6fc608b862131170a52944f813294ef5c87afa852e88524d68761a5d8982546e95e44e08121051bf80e8484814c559e851b1cf05b095de52577051aa762c2787fc499f810426528cfc59848821f43582de87035d4583a910bb418ddd20363e6fb12fcd2cbc9f834f94194fb849f730a5cae49e6fb1cbc317d0d8f9fb1f220a2758d0d77813e82c147f90b91ffa9a082fc0720dbdb0e0be016a505037e431746cf41ecec5ee8c226959d18749cc42ed74d2c3642ff121afb044e06dfb0f0831ba6f098b57c8c3f0721afd16197e116f3472d905d438c09a7a634d01a6fc99572634fa39fe0d3edf81a3a84dea25d1c86c77c43cc4651932a3178399b090dff60dfe07a0881bb5e082345f236fdc6df508c825fc84206debe061b1b60a5b9fd09730d763a1226020e6c708420b1382f151bee10f0f1041318d898f50857376079fa39a5b4dde87ec1e907027677cea3601ca0e5f0590fc035e0547c9d48a4b0413150720a42bc0d8143a5d8ddcce5dc6c58a0343042a68d02ea0cb714160b749b35420cbb210426a0d9417a2508351082dc58c9ceed8957fb2090de53c4c5e0b869ea289e188833a5f443a86b06e9beeb0b697391fb60b43650f67e00c77ee1cff0047442eb09d441a13b12a7d0b61dba16da068fc04c4a32595f9129d47351d316df90994b0b0120b3025c17545e4617c78c3c61f2b010843fa0f012a37edf225d84289f739e87b9ec2474a3ce46cbc0962938921be8cd1610d966c272c4148791aa1f5b2b57a394fdfd07b09eff62ac0dec5bc93d6051a0a45c2ac0f66f80c6809e027437073d1cb66e34cf26cfc23a0105fd345662ff81a04074518dd04d0dc13bd0265a30850825fb186ca3d3a09fe041ec1abf0d0b4f6d8d41aa0f7ea23aa20e4cd16688a4297891f71a5cf8514633fa3c20df968e4c0c24e628c698f469211e824c83a09063a9b2eb91fe0c50c492c273958784fd485f61b0e504c77e49a7a320bd830ae490e81426da82812ff0045101e8201e025901b1639af939041757c0bd7437a2fd05f655d0ea770d1d6e7cf2c986510b133445cf27b5ca161106271d0d5fac3eff020a2830c4c7c22862687f68493fb28a7c8d08fd005573e50a0a3ea59649c0d37f628fd08168580902813d8d077fd881382a0711d04d3d0e69e29fac518f98fa04e44e87b46087ae791ae418541eb76d0b0915020b371705a13c4262e2e7501703114a41fc8ea41568617e528c51107bb5ca96d50e35e4581d0e8d82f213ba2bfd9d0f80fff007c0e75e88ef1dfe476ef7de3fd04f2081b4c0986a8f495dc7d56272377710e58454e553bd51cf0e92f9153d6454ec584e897e887da318a247b08095120ee038701b8a86eef6416197172f86702cb7d096132946117170356326dbec6c5a9ce087af289a19d4adcdf92cbf2132afb59fcf62153d91f86cd3fb13bc0049b29fe8315ea34d1cd3e110720c707fd68843c5fb188a798b50cd130f62a055b3dde849522f1a21852a2506c7a7c983d9cc7780a8484c249bf80930df8c43762c3627c042c517f153d904245c20c6f09109c862651a1d6fc0a90d99b5d1df5126bdf512d1afd0eb4ea6a704d6ba175d5ab0605a283c1ca0d00d3e67dcbec6cdb9151ac09789bb0583d03482c2e3f9351b84987d8086c7e868dcc4b93a8b2258150b42506ce81ef01f61e4e680c13fd510bf81a834df90a78990684379a26216589f1917f4737f2c484b34b9421a2de2e627a188428675cff00fc06bd3e89f91cdcc49a188c4c5bc708987ec2f11307d40fba65abef3c0ee994af81091076b122883c5261881a0820ee111a1214d1acd14d7b39ca855be85c8214fc0c08280cb6c04c782dfad60514816bbe05c0a2288b9b99c6c1386084b331fe81890d898a21ecdafd972a14426266c184167b3d9bff004b473297a1f3e99e1b134242585f782425bf3cb433fe82fb3fb52e46954c8265c133cea4de8703a1c6335d1521c92a66bd64257f5e59f46c160618d874ca365820246fd0b7435d1e70436419084c2c52e617890df92e04fd0b89669dbb0adadc6d08413c8d51e9d5f213cae6472a3b35b7cae8df97b2f0aa2f48b5b477eb89f7474a725ee8b0b8a242327ac9ee1a690decf7ec4b8d90d8bd67b362c4472d94a5208ef654e40b39a1fdb6d526a8e35e22c08752857e1082284eaf8d0825a8f384bf437ecee1d8587e11b3fb612122f1a096531320b3785b938689f032e5a25e8113f582a2bd958891adaf28418daecf675257b29484b633ec5be44f4ad5a257c5b5dd3f2750cdbde5e1086fb0e5685887260636bb1bebbe9de9d8f93ade5b87a85451087809086a72ae5b1a3b8a977d02469dc5ff0042ac2537f026282e4a7b20966f0420b0b29614bc0b348f185c8588211084c263c271d24bf0cbfb8726758a64fe47384febdf03f2c78f829eb48d7666e8df1ac2b699757aea8616cd2353a8835d66af4351c20b0df42e3a4226f47527d8f7d88422e294a3626ab9ec8ddfb92f43a666b7ce1fd04510e8fb13bd848484186bf2d88122d0417713aeef9c42eaeca69bdc26d1328a412e0a516510984e0a529c11e5305ca28d0d0c62781b13bb42676d542f6e4a260b6be3b0b17b8da9d7b96b1acd7ce57322fac21b1b1a76d3f817e47e6d0a5231542286f53dfc9d099bf66bf73fca82652970d9a649937f228b41ca10be0be55be1b42730d466e7b170e95e7a4274b365e4b6ee93190758305d542ec3e62635742a0877c21310ea5217084cb88424c245131714821042e0591e2e293072fddb1aecf81b981586b6f42633a7a86e6f85626f1a34f6c8da866f5b70b147ccfd3b08e5b427b51d8167ad7b15f6a46bbd3fcc26263c6b7775ae4c653a70ae3dd0e56fc30e4f82d7d4d3bf505b2047737d52baa720c69dbc0de02558ff00c0588410dfc0a3ee2a121b09e2947826218984f2a51ef890ff009e2e5318c48412262178848dd570214a2c36756a6c59604ca36e6cd2f94262e9b19eaedf53965f61f424986e37251fd1ee37126c21898fc052e51dbecd761a42ef86f9606fb16053e474304a8d781aafc04b0a27c49e4b04f1484d173445cb7d184862441ac37309970b3313d143f0e649b34b76873d9a75cc3924959d0969ab8be30cdc0f90b6af9984f28e50e94f4ee425f90a6a59a8b70edef93e8c45c5c5089e84eb8157de13d1243cfd0547a3027595cecc584c42f042e166e689972c9eb8122dee2104b090b1082214421bc2c3a98a7f88ff0040b1105f79da5ecbf3d5782a7ba35d532dbe868b6ef457a4ee3a97593e8dd51de62e058a278f2932198f6d4fb0de0b56b5f83bd3373b782e2ef5d045db01bcf9410de85421224731e462c9d958cd1a9c82d844fc1b42adfd93085813c1bc2473170a51896270fd650dc0d8910621087968b9988218d1303d8c7224bbee474d4daf64e37f3b1b5aa59ffa7939851542abd393ea38db35e4e5285170cc4da4430b91ff004e6577174b13c367409be5efcb14b6e84db1caed42f0891c85a5739f3dc9efba477a3c394504a8fbd884153f5841b8845155ce0df8442452944132e531650432898f2f8dcb6243e0b8586f0882441b886bf92edda731eac8a4fd144de29b9bb98d1fccb5e873485e04f3aaa1079f362288855fba1cd684daef7c1b3be3bb58a5161d29d918a973b9ae97b92869c4d2392bd3f7399d667edf81e980c7f416ae816fedd132a7c3b8c41edfc1cbfb09090d8994584ca21781b160de12cdc41b2e2e1bf3cbc2270cc18989713c1e8750daefa997bc86fc31312f4263c237da8aa37477488c74b4fce35de79f95d9891db129ce158b9c4bc1053b22c5c266ce4fbcb6723c6882d0dd67210f5f035509b3626107fa2dfe11f8f0fba168a262ca651906ca26328b17104f06f0a32702362178ee165a2660b130d8d647de9bec72336b5d84c453e0264baf4172d626fece4f8a4fca21b495b57f232094e06e7628bded7c53717d8738f923ee8a2651ba07f087fa8dc6e41d327e22fa275c76d1dc53d76122e121970b9820cb9b8582e5a1318a5ca29f182c528b149979641e21784f98951da061bb6d137fd986c36d0ba728e746892ae8f615761be82a27fe9f1d5eba771dad424bb528b37087a8b6fdf6277fa3e3dc4de68e493d8be2e4bfb12c410c95ff0021f504a1edfcb07e1467674086f5b6cb5df908265e0b85861b1b2e103144c4a085266e2945c21fee2658b2f0d93818990a3c2104183653029e91e51c80db475ca519d0794f6846169be4988779aabc14e487c05911e8c51abb0bd06ca432e8774c5ba7a7e050473ff588a68a85f88663e4ebb87bdeed0888347b721691755cf02582651445c4c510c5c5c265c2c94434264c4cff0042fec9c0f2b8961228c52f03c13049df80bcbc53c117d0cdebd2884bd2b4fc944132898bb3ea6b635f7e9a3a9f8197299a741450d09e4240f5d78129de731aec249a3d3e0e6a0d239c6ee10997290d958a3270121e10858452e28b170df56566e52161e6ef14a4f44cc20c4f0687fb1d7a3c04b5e84114a5a4d33f743b2b46bdea9d86e93c898fb948bfc8f4442dec5d785aea8a52930ac853ef475b7cc68be4d3d068bd870be613a93e5f2d898eb026842109f426098c45c5fe0e7910821084862f0394ca2e04c426362cb65cb65c5cc19083590ea816ece8429ec5e8a899d7088f97435f3494376d677e9d508f7049f54cda4fcf439e1a6be4a3f95682ce7255e8b9f1b18e434269d8e868d81b041ed4fcd4f3932867512cd2ec4bde3a8d617810486c4186c2c345e06d7b0994a2c26212c5294a312214821b121e1ad108518cb609bbf03769e8a2caa34e6591d3d32dec353a44feb97f9132946ca6e7eb7d336f407fb0f10a9d133b398a354770d027116d776f1ac21b12c12c890c242c16289904b10427a10f14a513f4512ca367a0988a5c51098d8965945842668b868851a1a19321e7165b6b5e4edeb9794219858131b10a539a01931c169b473379691da47d547da8b0889932731a82a5f9625a2888512170265ca64c4e03594b0c4258821b214421efc09e842e0a2642105947f85113130c83268610c61034358faf20d1e086d602bc0bff00d1cb28abd96ad9a4c4f7f4d6f47fce563d1f40a7a0ba83485c4fce8ec86ebc0b90b09904512c22f089f4c22e56108842086b8d72b04848e6132e2e0a21bc5108b9784f86e1731b1b1ed10d0350fd8733b99f89b1b5eaf20ddd4f4f4d781fd4e1ea764f4550fc097ec2eadf81ef38415f44451893ea0d4a2e0820b80914a2c90b8b882584b2a426133482572910841ebf6109e5310898b884d9082785170520d0f961700418825c8b3ab3efa1abe53639757d17edcb04162a1385d0429fd82446f6fc09deb1a42c084e099458a2209946ee0b14a520862214bc6c410ea5f651bd7c17f210c378984c4cb94520c422e297372d1d72d884c0c10d85858e658b5a10f61b395027795a2aa7d9ff00dc2989a3825aa7dc341aec28b848242588208441628c52098b2914584c28997146d8d61318cb3e8b8e4f4165bc2e02114a52e21782e2e131b294a20c8320d0983c81e1fe00c26eb04953e236bce8a02d3c0dfc1912ec7a048421042621326858825982265307c2265c5168377845f5879eac21bc26363626513c518852949858b8651e6946528d107a1074c66be0f70c30d74393e49e183f916eca85e892360b104b0910820d1344ca208329420c437c2868a32e1329781f8422946c98a411737084f0b84721051b1b1b28dc2e18d0c53c81e16b04c34246a37cc9082e84b024412208a5e1b884e082160b14451bc1146b1d04cbd7147fc8e99a528d8b0962f0267f4cad8637c01b290641b031313de16220b49109faa374dd0c1e17f62cae7104121042584c82416499362de121f05e0a50d08244146f17243f6b990584f14a528b6e2a5132d2e4984b286ca3556170641aa34518d07e81897ec68bdce47ebc6a10084161f0c37b1e262608a3c218a379e851a2931310a313fd14a4c12de08fc8c4c25fa2e58a31e1a28b06f06131b109e2e506328c85c261d0f6fd0d098207f86ec32578a42084c2288b8988259b84244214a31311326e932789a289e2700b0b2b08587f8263d94fac75188a5262970d90a3c7f85fde1bfd65a1a1ff004358264e8f93404048416098909626530b8d44e8868b9a22946cbc149c2a3fd59b9b9421b131668b08592ca1b1b2099e0a51172c5fa0c3574736130b6ee14288412c51629030b0984421442620b171786e086ca4d14b842130fbf413297345c7f82d0f7f01221068852949e898258a7f99b9636113f5885f586fd606c27a3518fd838c26fa704d610f17f42099330822e1313c52e689e08513297d0cb845c3ef1f8d9b848584519444131bcc39e19fe0b1f4367f82214833c65e60c3631a2985974c1f6267d9e0583ca440b304528883621e28d9483795c2ca904f14a510ff0089765c2c220914a22970d628d8989e1702e131b2864d0d8ce83651b189a1b106fdf810672e0d06c090852614e420842f0528966e0de2e2131478a52e6e6087fc44378b99ec4f28a5c5d09f9098fe32884f630f05c3de1bc41b290436345d09fac1b186eb588a3be62627862899042422106511314a42946e94a23ef29c08265c20a26ca217ea13d97826132e6e29498b882628de0fa261620d8d8f2ff0fb130d7ac4e83e0acf509d1827b108513c210487845ca6c58a51b110424418c8259427c05132845c3fd43c420427c043d0bfac2c5c4de165b187cca528b0c31f02431b1b1e2e0b0ef5ca8b820827e02ca12110ff000a221098a5fd6122660f14bc2a5096694a5c7e34c310b848a73217d944c791465d944f096082c7f823c97f433a0d0cb8633e86097e841329bcb976145c8a3131613131313c28914b8210d42132a3194a4c2c427a2653caca3f1309e265b108b8263651e1b131309685826858bc09e868a228c2c9343e5facb58b8ff5622084d0c5131379452626213144c65c328f04f45c7f84ccc12ca289f149842c26529710583c2c27ff0044c4f148345294b84e8c8345f7cb136343631fd0687baf18f31e21426442e0997098994a36505c228cb83795c0962e5326098c4f2a21084f651339628d89dec75131b13189f013294a2fe84c45c52f01bc7d144fd9060f00c287c54e06fd0bd06f4513184108a262fe84c47d14fac510def099742214b94ff02f8782fa1b13294a5e29a10994bb85fd144bf67fa3431b594f086f298d9763fec4c837439211fe0d8820faf291fc0bfa2968c3e627d82077cddc49f13b44b830d0de8437ecff004820c4242ec4f0de68c45c365cc13189ecb1960ca5c7513c2c7fffd9, 5, 1);

-- --------------------------------------------------------

--
-- Estructura de tabla para la tabla `t_forocomentario`
--

CREATE TABLE `t_forocomentario` (
  `cod_foro_com` int(11) NOT NULL,
  `usu_id` int(11) NOT NULL,
  `cod_foro` int(11) NOT NULL,
  `com_foro_com` varchar(200) NOT NULL,
  `fech_foro_com` date NOT NULL
) ENGINE=InnoDB DEFAULT CHARSET=latin1;

--
-- Volcado de datos para la tabla `t_forocomentario`
--

INSERT INTO `t_forocomentario` (`cod_foro_com`, `usu_id`, `cod_foro`, `com_foro_com`, `fech_foro_com`) VALUES
(1, 7, 3, 'Horrenda loca yo', '2021-09-13'),
(2, 7, 3, 'Horrenda loca yo', '2021-09-13'),
(3, 7, 3, 'Puto el que lo leaxD', '2021-09-13'),
(4, 7, 1, 'La información no es completa, por favor actualízala lo más pronto posible.', '2021-09-13'),
(5, 7, 1, 'Pelelo', '2021-09-13'),
(6, 8, 1, 'Falta información', '2021-09-14');

-- --------------------------------------------------------

--
-- Estructura de tabla para la tabla `t_lineatecnologica`
--

CREATE TABLE `t_lineatecnologica` (
  `lin_tec_cod` int(11) NOT NULL,
  `lin_tec_desc` varchar(45) NOT NULL
) ENGINE=InnoDB DEFAULT CHARSET=latin1;

--
-- Volcado de datos para la tabla `t_lineatecnologica`
--

INSERT INTO `t_lineatecnologica` (`lin_tec_cod`, `lin_tec_desc`) VALUES
(1, 'Comunicación digital'),
(2, 'Transversalidad tecnologica');

-- --------------------------------------------------------

--
-- Estructura de tabla para la tabla `t_material`
--

CREATE TABLE `t_material` (
  `mat_cod` int(11) NOT NULL,
  `cod_tipo_mat` int(11) NOT NULL,
  `mat_titulo` varchar(20) NOT NULL,
  `mat_desc` varchar(45) NOT NULL,
  `mat_objeto` blob NOT NULL,
  `mat_fecha` date NOT NULL
) ENGINE=InnoDB DEFAULT CHARSET=latin1;

-- --------------------------------------------------------

--
-- Estructura de tabla para la tabla `t_noticia`
--

CREATE TABLE `t_noticia` (
  `cod_noticia` int(11) NOT NULL,
  `desc_noticia` varchar(250) DEFAULT NULL,
  `titulo_noticia` varchar(50) DEFAULT NULL,
  `fecha_noticia` date DEFAULT NULL,
  `img_noticia` varchar(250) NOT NULL,
  `usu_id` int(11) DEFAULT NULL,
  `cod_tipo_noti` int(11) DEFAULT NULL,
  `id_estado` int(11) DEFAULT NULL
) ENGINE=InnoDB DEFAULT CHARSET=utf8mb4;

--
-- Volcado de datos para la tabla `t_noticia`
--

INSERT INTO `t_noticia` (`cod_noticia`, `desc_noticia`, `titulo_noticia`, `fecha_noticia`, `img_noticia`, `usu_id`, `cod_tipo_noti`, `id_estado`) VALUES
(4, 'a', 'a', '0000-00-00', 'images/', 8, 2, 1),
(5, 'a', 'b', '2021-09-13', 'images/', 8, 1, 1),
(6, 'c', 'c', '2021-09-14', 'images/', 8, 2, 1);

-- --------------------------------------------------------

--
-- Estructura de tabla para la tabla `t_oferta`
--

CREATE TABLE `t_oferta` (
  `id_oferta` int(11) NOT NULL,
  `usu_id` int(11) NOT NULL,
  `id_estado` int(11) NOT NULL,
  `desc_oferta` varchar(100) CHARACTER SET utf8 NOT NULL,
  `fech_ini_oferta` date NOT NULL,
  `fech_fin_oferta` date NOT NULL,
  `imag_oferta` varchar(250) CHARACTER SET utf8 NOT NULL
) ENGINE=InnoDB DEFAULT CHARSET=latin1;

-- --------------------------------------------------------

--
-- Estructura de tabla para la tabla `t_oferta_detalle`
--

CREATE TABLE `t_oferta_detalle` (
  `id_ofer_detalle` int(11) NOT NULL,
  `id_prog` int(11) NOT NULL,
  `id_oferta` int(11) NOT NULL,
  `cupo_ofer_detalle` int(11) NOT NULL
) ENGINE=InnoDB DEFAULT CHARSET=latin1;

-- --------------------------------------------------------

--
-- Estructura de tabla para la tabla `t_pqrsf`
--

CREATE TABLE `t_pqrsf` (
  `cod_pqrsf` int(11) NOT NULL,
  `cod_pqrsf_tipo` int(11) NOT NULL,
  `usu_id` int(11) NOT NULL,
  `id_estado` int(11) NOT NULL,
  `pqrsf_desc` blob NOT NULL,
  `pqrsf_obs` varchar(100) NOT NULL,
  `pqrsf_fech` date NOT NULL,
  `pqrsf_calif` int(11) NOT NULL
) ENGINE=InnoDB DEFAULT CHARSET=latin1;

-- --------------------------------------------------------

--
-- Estructura de tabla para la tabla `t_pqrsftipo`
--

CREATE TABLE `t_pqrsftipo` (
  `cod_pqrsf_tipo` int(11) NOT NULL,
  `desc_pqrsf_tipo` varchar(100) NOT NULL
) ENGINE=InnoDB DEFAULT CHARSET=latin1;

--
-- Volcado de datos para la tabla `t_pqrsftipo`
--

INSERT INTO `t_pqrsftipo` (`cod_pqrsf_tipo`, `desc_pqrsf_tipo`) VALUES
(1, 'Petición'),
(2, 'Queja'),
(4, 'Reclamo'),
(5, 'Solicitud'),
(6, 'Felicitación');

-- --------------------------------------------------------

--
-- Estructura de tabla para la tabla `t_programa`
--

CREATE TABLE `t_programa` (
  `id_prog` int(11) NOT NULL,
  `lin_tec_cod` int(11) NOT NULL,
  `id_prog_niv` int(11) NOT NULL,
  `nom_prog` varchar(50) NOT NULL,
  `sigla_prog` varchar(10) NOT NULL,
  `desc_prog` varchar(50) NOT NULL,
  `duracion_prog` varchar(20) NOT NULL,
  `cod_prog` int(11) NOT NULL,
  `imag_prog` blob NOT NULL
) ENGINE=InnoDB DEFAULT CHARSET=latin1;

--
-- Volcado de datos para la tabla `t_programa`
--

INSERT INTO `t_programa` (`id_prog`, `lin_tec_cod`, `id_prog_niv`, `nom_prog`, `sigla_prog`, `desc_prog`, `duracion_prog`, `cod_prog`, `imag_prog`) VALUES
(1, 1, 2, 'YANQ', '', 'Que paos con programa', '', 0, ''),
(3, 1, 2, 'Análisis y Desarrollo de Software', '', 'dfsadds', '', 0, '');

-- --------------------------------------------------------

--
-- Estructura de tabla para la tabla `t_programanivel`
--

CREATE TABLE `t_programanivel` (
  `id_prog_niv` int(11) NOT NULL,
  `nom_prog_niv` varchar(100) NOT NULL
) ENGINE=InnoDB DEFAULT CHARSET=latin1;

--
-- Volcado de datos para la tabla `t_programanivel`
--

INSERT INTO `t_programanivel` (`id_prog_niv`, `nom_prog_niv`) VALUES
(1, 'Tenico'),
(2, 'Tecnologo'),
(3, 'Especializacion');

-- --------------------------------------------------------

--
-- Estructura de tabla para la tabla `t_programa_area`
--

CREATE TABLE `t_programa_area` (
  `prog_area_cod` int(11) NOT NULL,
  `lin_tec_cod` int(11) NOT NULL,
  `prog_area_desc` varchar(20) NOT NULL
) ENGINE=InnoDB DEFAULT CHARSET=latin1;

-- --------------------------------------------------------

--
-- Estructura de tabla para la tabla `t_respuestapqrsf`
--

CREATE TABLE `t_respuestapqrsf` (
  `cod_resp_pqrsf` int(11) NOT NULL,
  `desc_resp_pqrsf` varchar(200) NOT NULL,
  `fech_resp_pqrsf` date NOT NULL,
  `cod_pqrsf` int(11) NOT NULL
) ENGINE=InnoDB DEFAULT CHARSET=latin1;

-- --------------------------------------------------------

--
-- Estructura de tabla para la tabla `t_resultado_aprendizaje`
--

CREATE TABLE `t_resultado_aprendizaje` (
  `res_apr_cod` int(11) NOT NULL,
  `res_apr_desc` varchar(40) NOT NULL,
  `cod_comp` int(11) NOT NULL
) ENGINE=InnoDB DEFAULT CHARSET=latin1;

-- --------------------------------------------------------

--
-- Estructura de tabla para la tabla `t_resultado_apr_material`
--

CREATE TABLE `t_resultado_apr_material` (
  `res_apr_mat_cod` int(11) NOT NULL,
  `mat_cod` int(11) NOT NULL,
  `res_apr_cod` int(11) NOT NULL
) ENGINE=InnoDB DEFAULT CHARSET=latin1;

-- --------------------------------------------------------

--
-- Estructura de tabla para la tabla `t_rol`
--

CREATE TABLE `t_rol` (
  `cod_rol` int(11) NOT NULL,
  `desc_rol` varchar(50) NOT NULL
) ENGINE=InnoDB DEFAULT CHARSET=latin1;

--
-- Volcado de datos para la tabla `t_rol`
--

INSERT INTO `t_rol` (`cod_rol`, `desc_rol`) VALUES
(1, 'Administrador '),
(2, 'Aspirante ');

-- --------------------------------------------------------

--
-- Estructura de tabla para la tabla `t_tema`
--

CREATE TABLE `t_tema` (
  `cod_tema` int(11) NOT NULL,
  `desc_tema` varchar(20) NOT NULL
) ENGINE=InnoDB DEFAULT CHARSET=latin1;

--
-- Volcado de datos para la tabla `t_tema`
--

INSERT INTO `t_tema` (`cod_tema`, `desc_tema`) VALUES
(1, 'Telecomunicaciones'),
(2, 'NMap');

-- --------------------------------------------------------

--
-- Estructura de tabla para la tabla `t_tipodocumento`
--

CREATE TABLE `t_tipodocumento` (
  `cod_tipo_doc` int(11) NOT NULL,
  `nom_tipo_doc` varchar(20) NOT NULL
) ENGINE=InnoDB DEFAULT CHARSET=latin1;

--
-- Volcado de datos para la tabla `t_tipodocumento`
--

INSERT INTO `t_tipodocumento` (`cod_tipo_doc`, `nom_tipo_doc`) VALUES
(1, 'Cedula de ciudadania'),
(2, 'Tarjeta de identidad'),
(3, 'Cédula de extranjerí');

-- --------------------------------------------------------

--
-- Estructura de tabla para la tabla `t_tipomaterial`
--

CREATE TABLE `t_tipomaterial` (
  `cod_tipo_mat` int(11) NOT NULL,
  `desc_tipo_mat` varchar(45) NOT NULL
) ENGINE=InnoDB DEFAULT CHARSET=latin1;

-- --------------------------------------------------------

--
-- Estructura de tabla para la tabla `t_tiponoticia`
--

CREATE TABLE `t_tiponoticia` (
  `cod_tipo_noti` int(11) NOT NULL,
  `desc_tipo_noti` varchar(45) NOT NULL
) ENGINE=InnoDB DEFAULT CHARSET=latin1;

--
-- Volcado de datos para la tabla `t_tiponoticia`
--

INSERT INTO `t_tiponoticia` (`cod_tipo_noti`, `desc_tipo_noti`) VALUES
(1, 'Deporte'),
(2, 'Ciencia');

-- --------------------------------------------------------

--
-- Estructura de tabla para la tabla `t_usuario`
--

CREATE TABLE `t_usuario` (
  `usu_id` int(11) NOT NULL,
  `usu_nombre` varchar(20) DEFAULT NULL,
  `usu_nombre2` varchar(30) DEFAULT NULL,
  `usu_apellido` varchar(20) DEFAULT NULL,
  `usu_correo` varchar(30) DEFAULT NULL,
  `usu_pass` varchar(250) NOT NULL,
  `usu_ndocumento` int(11) DEFAULT NULL,
  `cod_rol` int(11) DEFAULT NULL,
  `cod_tipo_doc` int(11) DEFAULT NULL,
  `id_estado` int(11) DEFAULT NULL
) ENGINE=InnoDB DEFAULT CHARSET=utf8mb4;

--
-- Volcado de datos para la tabla `t_usuario`
--

INSERT INTO `t_usuario` (`usu_id`, `usu_nombre`, `usu_nombre2`, `usu_apellido`, `usu_correo`, `usu_pass`, `usu_ndocumento`, `cod_rol`, `cod_tipo_doc`, `id_estado`) VALUES
(3, 'Luis', 'Fernando', 'Ante', 'lfante@misena.edu.co', '$2y$10$f1dsNo1mH3394XUFnEaR/OUMIj3CiFp1UwrpbMFBv2lxfHfs0IFDS', 87191005, 2, 1, 2),
(4, 'Angie', 'Camila', 'Santacruz', 'santacruzangie67@gmail.com', '$2y$10$l/bDzCbk/dW6ZUz6J7O5SuvK/nrSOtI14VutJpT6tJuZbab8M0xxy', 1005707217, 2, 1, 1),
(5, 'Jhan', 'Sebastian', 'Rodriguez Ospina', 'anfredo@gmail.com', '$2y$10$yooigFj79l.lWY8eTgrUMunGXFVgPCkZKgGIvo7Q5iGef3HGSAIQC', 12345678, 2, 1, 2),
(6, 'Chupamestepenco', 'a', 'a', 'daniela@gmail.com', '$2y$10$7IdYBgwqUacYfDVdWhDs5OpF.BpjZL0e.iw.1gzhw0NfMCc8m7g8m', 123456789, 2, 1, 2),
(7, 'Sofía', 'Juliana', 'Perez', 'sofi@hotmail.com', '$2y$10$HMSYkSZ4v/qsUbfREQZYy.IbuQ3Rai5LqAxfwBv81BMV.Cls8iCEC', 124578, 2, 1, 2),
(8, 'Jhan', 'Sebastian', 'Rodriguez Ospina', 'sebibof@gmail.com', '$2y$10$tvNn.OKJFSCbd1IOHVf77u.JFlAYfGsfNfrbL6JHvGkkXeHHgIT/u', 1004702, 1, 1, 1),
(9, 'Juan', 'José', 'Marín Arias', 'juanjis@gmail.com', '$2y$10$PcbFcYlY.OXISvfgIGQujecgioFKBA2ovGQsxCy42ry6zS5gjag3y', 1006204587, 2, 1, 2),
(10, 'Aladino', 'Carandino', 'Pezcuendino', 'aladinito@gmai.com', '$2y$10$lxgowXPhnFcCYOpRqER3ROyuNwmFvw0G0rlsuAfyg.6UBkaYn/bEu', 142536, 2, 2, 1);

--
-- Índices para tablas volcadas
--

--
-- Indices de la tabla `t_competencia`
--
ALTER TABLE `t_competencia`
  ADD PRIMARY KEY (`id_competencia`),
  ADD KEY `id_prog` (`id_prog`);

--
-- Indices de la tabla `t_competencias_programa`
--
ALTER TABLE `t_competencias_programa`
  ADD PRIMARY KEY (`com_prog_cod`),
  ADD KEY `id_competencia` (`id_competencia`),
  ADD KEY `id_prog` (`id_prog`);

--
-- Indices de la tabla `t_configuracion`
--
ALTER TABLE `t_configuracion`
  ADD PRIMARY KEY (`id_config`),
  ADD KEY `usu_id` (`usu_id`);

--
-- Indices de la tabla `t_estado`
--
ALTER TABLE `t_estado`
  ADD PRIMARY KEY (`id_estado`);

--
-- Indices de la tabla `t_foro`
--
ALTER TABLE `t_foro`
  ADD PRIMARY KEY (`cod_foro`),
  ADD KEY `usu_id` (`usu_id`),
  ADD KEY `cod_tema` (`cod_tema`);

--
-- Indices de la tabla `t_forocomentario`
--
ALTER TABLE `t_forocomentario`
  ADD PRIMARY KEY (`cod_foro_com`),
  ADD KEY `cod_foro` (`cod_foro`),
  ADD KEY `cod_foro_2` (`cod_foro`),
  ADD KEY `usu_id` (`usu_id`);

--
-- Indices de la tabla `t_lineatecnologica`
--
ALTER TABLE `t_lineatecnologica`
  ADD PRIMARY KEY (`lin_tec_cod`);

--
-- Indices de la tabla `t_material`
--
ALTER TABLE `t_material`
  ADD PRIMARY KEY (`mat_cod`),
  ADD KEY `cod_tipo_mat` (`cod_tipo_mat`);

--
-- Indices de la tabla `t_noticia`
--
ALTER TABLE `t_noticia`
  ADD PRIMARY KEY (`cod_noticia`),
  ADD KEY `usu_id` (`usu_id`),
  ADD KEY `cod_tipo_noti` (`cod_tipo_noti`),
  ADD KEY `id_estado` (`id_estado`);

--
-- Indices de la tabla `t_oferta`
--
ALTER TABLE `t_oferta`
  ADD PRIMARY KEY (`id_oferta`),
  ADD KEY `usu_id` (`usu_id`),
  ADD KEY `id_estado` (`id_estado`);

--
-- Indices de la tabla `t_oferta_detalle`
--
ALTER TABLE `t_oferta_detalle`
  ADD PRIMARY KEY (`id_ofer_detalle`),
  ADD KEY `id_prog` (`id_prog`),
  ADD KEY `id_oferta` (`id_oferta`);

--
-- Indices de la tabla `t_pqrsf`
--
ALTER TABLE `t_pqrsf`
  ADD PRIMARY KEY (`cod_pqrsf`),
  ADD KEY `usu_id` (`usu_id`),
  ADD KEY `id_estado` (`id_estado`),
  ADD KEY `cod_pqrsf_tipo` (`cod_pqrsf_tipo`);

--
-- Indices de la tabla `t_pqrsftipo`
--
ALTER TABLE `t_pqrsftipo`
  ADD PRIMARY KEY (`cod_pqrsf_tipo`);

--
-- Indices de la tabla `t_programa`
--
ALTER TABLE `t_programa`
  ADD PRIMARY KEY (`id_prog`),
  ADD KEY `lin_tec_cod` (`lin_tec_cod`),
  ADD KEY `id_prog_niv` (`id_prog_niv`);

--
-- Indices de la tabla `t_programanivel`
--
ALTER TABLE `t_programanivel`
  ADD PRIMARY KEY (`id_prog_niv`);

--
-- Indices de la tabla `t_programa_area`
--
ALTER TABLE `t_programa_area`
  ADD PRIMARY KEY (`prog_area_cod`),
  ADD KEY `lin_tec_cod` (`lin_tec_cod`);

--
-- Indices de la tabla `t_respuestapqrsf`
--
ALTER TABLE `t_respuestapqrsf`
  ADD PRIMARY KEY (`cod_resp_pqrsf`),
  ADD KEY `cod_pqrsf` (`cod_pqrsf`);

--
-- Indices de la tabla `t_resultado_aprendizaje`
--
ALTER TABLE `t_resultado_aprendizaje`
  ADD PRIMARY KEY (`res_apr_cod`),
  ADD KEY `cod_comp` (`cod_comp`);

--
-- Indices de la tabla `t_resultado_apr_material`
--
ALTER TABLE `t_resultado_apr_material`
  ADD PRIMARY KEY (`res_apr_mat_cod`),
  ADD KEY `mat_cod` (`mat_cod`),
  ADD KEY `mat_cod_2` (`mat_cod`),
  ADD KEY `res_apr_cod` (`res_apr_cod`);

--
-- Indices de la tabla `t_rol`
--
ALTER TABLE `t_rol`
  ADD PRIMARY KEY (`cod_rol`);

--
-- Indices de la tabla `t_tema`
--
ALTER TABLE `t_tema`
  ADD PRIMARY KEY (`cod_tema`);

--
-- Indices de la tabla `t_tipodocumento`
--
ALTER TABLE `t_tipodocumento`
  ADD PRIMARY KEY (`cod_tipo_doc`);

--
-- Indices de la tabla `t_tipomaterial`
--
ALTER TABLE `t_tipomaterial`
  ADD PRIMARY KEY (`cod_tipo_mat`);

--
-- Indices de la tabla `t_tiponoticia`
--
ALTER TABLE `t_tiponoticia`
  ADD PRIMARY KEY (`cod_tipo_noti`);

--
-- Indices de la tabla `t_usuario`
--
ALTER TABLE `t_usuario`
  ADD PRIMARY KEY (`usu_id`),
  ADD KEY `cod_rol` (`cod_rol`),
  ADD KEY `cod_tipo_doc` (`cod_tipo_doc`),
  ADD KEY `id_estado` (`id_estado`);

--
-- AUTO_INCREMENT de las tablas volcadas
--

--
-- AUTO_INCREMENT de la tabla `t_configuracion`
--
ALTER TABLE `t_configuracion`
  MODIFY `id_config` int(11) NOT NULL AUTO_INCREMENT;

--
-- AUTO_INCREMENT de la tabla `t_estado`
--
ALTER TABLE `t_estado`
  MODIFY `id_estado` int(11) NOT NULL AUTO_INCREMENT, AUTO_INCREMENT=6;

--
-- AUTO_INCREMENT de la tabla `t_foro`
--
ALTER TABLE `t_foro`
  MODIFY `cod_foro` int(11) NOT NULL AUTO_INCREMENT, AUTO_INCREMENT=4;

--
-- AUTO_INCREMENT de la tabla `t_forocomentario`
--
ALTER TABLE `t_forocomentario`
  MODIFY `cod_foro_com` int(11) NOT NULL AUTO_INCREMENT, AUTO_INCREMENT=7;

--
-- AUTO_INCREMENT de la tabla `t_lineatecnologica`
--
ALTER TABLE `t_lineatecnologica`
  MODIFY `lin_tec_cod` int(11) NOT NULL AUTO_INCREMENT, AUTO_INCREMENT=15;

--
-- AUTO_INCREMENT de la tabla `t_material`
--
ALTER TABLE `t_material`
  MODIFY `mat_cod` int(11) NOT NULL AUTO_INCREMENT;

--
-- AUTO_INCREMENT de la tabla `t_noticia`
--
ALTER TABLE `t_noticia`
  MODIFY `cod_noticia` int(11) NOT NULL AUTO_INCREMENT, AUTO_INCREMENT=7;

--
-- AUTO_INCREMENT de la tabla `t_oferta`
--
ALTER TABLE `t_oferta`
  MODIFY `id_oferta` int(11) NOT NULL AUTO_INCREMENT, AUTO_INCREMENT=7;

--
-- AUTO_INCREMENT de la tabla `t_oferta_detalle`
--
ALTER TABLE `t_oferta_detalle`
  MODIFY `id_ofer_detalle` int(11) NOT NULL AUTO_INCREMENT;

--
-- AUTO_INCREMENT de la tabla `t_pqrsf`
--
ALTER TABLE `t_pqrsf`
  MODIFY `cod_pqrsf` int(11) NOT NULL AUTO_INCREMENT;

--
-- AUTO_INCREMENT de la tabla `t_pqrsftipo`
--
ALTER TABLE `t_pqrsftipo`
  MODIFY `cod_pqrsf_tipo` int(11) NOT NULL AUTO_INCREMENT, AUTO_INCREMENT=19;

--
-- AUTO_INCREMENT de la tabla `t_programa`
--
ALTER TABLE `t_programa`
  MODIFY `id_prog` int(11) NOT NULL AUTO_INCREMENT, AUTO_INCREMENT=6;

--
-- AUTO_INCREMENT de la tabla `t_programanivel`
--
ALTER TABLE `t_programanivel`
  MODIFY `id_prog_niv` int(11) NOT NULL AUTO_INCREMENT, AUTO_INCREMENT=4;

--
-- AUTO_INCREMENT de la tabla `t_programa_area`
--
ALTER TABLE `t_programa_area`
  MODIFY `prog_area_cod` int(11) NOT NULL AUTO_INCREMENT, AUTO_INCREMENT=16;

--
-- AUTO_INCREMENT de la tabla `t_respuestapqrsf`
--
ALTER TABLE `t_respuestapqrsf`
  MODIFY `cod_resp_pqrsf` int(11) NOT NULL AUTO_INCREMENT;

--
-- AUTO_INCREMENT de la tabla `t_resultado_aprendizaje`
--
ALTER TABLE `t_resultado_aprendizaje`
  MODIFY `res_apr_cod` int(11) NOT NULL AUTO_INCREMENT;

--
-- AUTO_INCREMENT de la tabla `t_resultado_apr_material`
--
ALTER TABLE `t_resultado_apr_material`
  MODIFY `res_apr_mat_cod` int(11) NOT NULL AUTO_INCREMENT;

--
-- AUTO_INCREMENT de la tabla `t_rol`
--
ALTER TABLE `t_rol`
  MODIFY `cod_rol` int(11) NOT NULL AUTO_INCREMENT, AUTO_INCREMENT=3;

--
-- AUTO_INCREMENT de la tabla `t_tema`
--
ALTER TABLE `t_tema`
  MODIFY `cod_tema` int(11) NOT NULL AUTO_INCREMENT, AUTO_INCREMENT=5;

--
-- AUTO_INCREMENT de la tabla `t_tipodocumento`
--
ALTER TABLE `t_tipodocumento`
  MODIFY `cod_tipo_doc` int(11) NOT NULL AUTO_INCREMENT, AUTO_INCREMENT=4;

--
-- AUTO_INCREMENT de la tabla `t_tipomaterial`
--
ALTER TABLE `t_tipomaterial`
  MODIFY `cod_tipo_mat` int(11) NOT NULL AUTO_INCREMENT;

--
-- AUTO_INCREMENT de la tabla `t_tiponoticia`
--
ALTER TABLE `t_tiponoticia`
  MODIFY `cod_tipo_noti` int(11) NOT NULL AUTO_INCREMENT, AUTO_INCREMENT=3;

--
-- Restricciones para tablas volcadas
--

--
-- Filtros para la tabla `t_competencia`
--
ALTER TABLE `t_competencia`
  ADD CONSTRAINT `t_competencia_ibfk_1` FOREIGN KEY (`id_prog`) REFERENCES `t_programa` (`id_prog`);

--
-- Filtros para la tabla `t_competencias_programa`
--
ALTER TABLE `t_competencias_programa`
  ADD CONSTRAINT `t_competencias_programa_ibfk_1` FOREIGN KEY (`id_competencia`) REFERENCES `t_competencia` (`id_competencia`),
  ADD CONSTRAINT `t_competencias_programa_ibfk_2` FOREIGN KEY (`id_prog`) REFERENCES `t_programa` (`id_prog`);

--
-- Filtros para la tabla `t_configuracion`
--
ALTER TABLE `t_configuracion`
  ADD CONSTRAINT `t_configuracion_ibfk_1` FOREIGN KEY (`usu_id`) REFERENCES `t_usuario` (`usu_id`) ON DELETE CASCADE ON UPDATE CASCADE;

--
-- Filtros para la tabla `t_foro`
--
ALTER TABLE `t_foro`
  ADD CONSTRAINT `t_foro_ibfk_1` FOREIGN KEY (`cod_tema`) REFERENCES `t_tema` (`cod_tema`) ON DELETE CASCADE ON UPDATE CASCADE,
  ADD CONSTRAINT `t_foro_ibfk_2` FOREIGN KEY (`usu_id`) REFERENCES `t_usuario` (`usu_id`) ON DELETE CASCADE ON UPDATE CASCADE;

--
-- Filtros para la tabla `t_forocomentario`
--
ALTER TABLE `t_forocomentario`
  ADD CONSTRAINT `t_forocomentario_ibfk_2` FOREIGN KEY (`cod_foro`) REFERENCES `t_foro` (`cod_foro`) ON DELETE CASCADE ON UPDATE CASCADE;

--
-- Filtros para la tabla `t_material`
--
ALTER TABLE `t_material`
  ADD CONSTRAINT `t_material_ibfk_1` FOREIGN KEY (`cod_tipo_mat`) REFERENCES `t_tipomaterial` (`cod_tipo_mat`) ON DELETE CASCADE ON UPDATE CASCADE;

--
-- Filtros para la tabla `t_noticia`
--
ALTER TABLE `t_noticia`
  ADD CONSTRAINT `t_noticia_ibfk_1` FOREIGN KEY (`usu_id`) REFERENCES `t_usuario` (`usu_id`),
  ADD CONSTRAINT `t_noticia_ibfk_2` FOREIGN KEY (`cod_tipo_noti`) REFERENCES `t_tiponoticia` (`cod_tipo_noti`),
  ADD CONSTRAINT `t_noticia_ibfk_3` FOREIGN KEY (`id_estado`) REFERENCES `t_estado` (`id_estado`);

--
-- Filtros para la tabla `t_oferta`
--
ALTER TABLE `t_oferta`
  ADD CONSTRAINT `t_oferta_ibfk_1` FOREIGN KEY (`id_estado`) REFERENCES `t_estado` (`id_estado`) ON DELETE CASCADE ON UPDATE CASCADE,
  ADD CONSTRAINT `t_oferta_ibfk_2` FOREIGN KEY (`usu_id`) REFERENCES `t_usuario` (`usu_id`) ON DELETE CASCADE ON UPDATE CASCADE;

--
-- Filtros para la tabla `t_oferta_detalle`
--
ALTER TABLE `t_oferta_detalle`
  ADD CONSTRAINT `t_oferta_detalle_ibfk_1` FOREIGN KEY (`id_prog`) REFERENCES `t_programa` (`id_prog`) ON DELETE CASCADE ON UPDATE CASCADE,
  ADD CONSTRAINT `t_oferta_detalle_ibfk_2` FOREIGN KEY (`id_oferta`) REFERENCES `t_oferta` (`id_oferta`) ON DELETE CASCADE ON UPDATE CASCADE;

--
-- Filtros para la tabla `t_pqrsf`
--
ALTER TABLE `t_pqrsf`
  ADD CONSTRAINT `t_pqrsf_ibfk_1` FOREIGN KEY (`cod_pqrsf_tipo`) REFERENCES `t_pqrsftipo` (`cod_pqrsf_tipo`) ON DELETE CASCADE ON UPDATE CASCADE,
  ADD CONSTRAINT `t_pqrsf_ibfk_2` FOREIGN KEY (`id_estado`) REFERENCES `t_estado` (`id_estado`) ON DELETE CASCADE ON UPDATE CASCADE;

--
-- Filtros para la tabla `t_programa`
--
ALTER TABLE `t_programa`
  ADD CONSTRAINT `t_programa_ibfk_2` FOREIGN KEY (`lin_tec_cod`) REFERENCES `t_lineatecnologica` (`lin_tec_cod`),
  ADD CONSTRAINT `t_programa_ibfk_3` FOREIGN KEY (`id_prog_niv`) REFERENCES `t_programanivel` (`id_prog_niv`);

--
-- Filtros para la tabla `t_programa_area`
--
ALTER TABLE `t_programa_area`
  ADD CONSTRAINT `t_programa_area_ibfk_1` FOREIGN KEY (`lin_tec_cod`) REFERENCES `t_lineatecnologica` (`lin_tec_cod`) ON DELETE CASCADE ON UPDATE CASCADE;

--
-- Filtros para la tabla `t_respuestapqrsf`
--
ALTER TABLE `t_respuestapqrsf`
  ADD CONSTRAINT `t_respuestapqrsf_ibfk_1` FOREIGN KEY (`cod_pqrsf`) REFERENCES `t_pqrsf` (`cod_pqrsf`) ON DELETE CASCADE ON UPDATE CASCADE;

--
-- Filtros para la tabla `t_resultado_aprendizaje`
--
ALTER TABLE `t_resultado_aprendizaje`
  ADD CONSTRAINT `t_resultado_aprendizaje_ibfk_1` FOREIGN KEY (`cod_comp`) REFERENCES `t_competencias` (`cod_comp`);

--
-- Filtros para la tabla `t_resultado_apr_material`
--
ALTER TABLE `t_resultado_apr_material`
  ADD CONSTRAINT `t_resultado_apr_material_ibfk_1` FOREIGN KEY (`mat_cod`) REFERENCES `t_material` (`mat_cod`) ON DELETE CASCADE ON UPDATE CASCADE,
  ADD CONSTRAINT `t_resultado_apr_material_ibfk_2` FOREIGN KEY (`res_apr_cod`) REFERENCES `t_resultado_aprendizaje` (`res_apr_cod`) ON DELETE CASCADE ON UPDATE CASCADE;

--
-- Filtros para la tabla `t_usuario`
--
ALTER TABLE `t_usuario`
  ADD CONSTRAINT `t_usuario_ibfk_1` FOREIGN KEY (`cod_rol`) REFERENCES `t_rol` (`cod_rol`),
  ADD CONSTRAINT `t_usuario_ibfk_2` FOREIGN KEY (`cod_tipo_doc`) REFERENCES `t_tipodocumento` (`cod_tipo_doc`),
  ADD CONSTRAINT `t_usuario_ibfk_3` FOREIGN KEY (`id_estado`) REFERENCES `t_estado` (`id_estado`);
COMMIT;

/*!40101 SET CHARACTER_SET_CLIENT=@OLD_CHARACTER_SET_CLIENT */;
/*!40101 SET CHARACTER_SET_RESULTS=@OLD_CHARACTER_SET_RESULTS */;
/*!40101 SET COLLATION_CONNECTION=@OLD_COLLATION_CONNECTION */;
